amc,scheme,month,stock,sector,weight
HDFC Mutual Fund,HDFC Arbitrage Fund,2025-01,2020 years • Axis Bank Ltd.,Banks,4.33
HDFC Mutual Fund,HDFC Arbitrage Fund,2025-01,• ICICI Bank Ltd.,Banks,3.74
HDFC Mutual Fund,HDFC Arbitrage Fund,2025-01,Toubro Ltd.,Construction,1.96
HDFC Mutual Fund,HDFC Arbitrage Fund,2025-01,• Infosys Limited IT -,Software,1.92
HDFC Mutual Fund,HDFC Arbitrage Fund,2025-01,Company Ltd.,Power,1.61
HDFC Mutual Fund,HDFC Arbitrage Fund,2025-01,Bank Limited,Banks,1.49
HDFC Mutual Fund,HDFC Arbitrage Fund,2025-01,Canara Bank,Banks,1.45
HDFC Mutual Fund,HDFC Arbitrage Fund,2025-01,Wholesale Plan DLF LIMITED,Realty,1.39
HDFC Mutual Fund,HDFC Arbitrage Fund,2025-01,Ltd.,Banks,1.35
HDFC Mutual Fund,HDFC Arbitrage Fund,2025-01,Tata Motors Ltd.,Automobiles,1.35
HDFC Mutual Fund,HDFC Arbitrage Fund — Max Healthcare Institute MUTUAL FUND UNITS,2025-01,ACC Ltd.,Cement & Cement Products,0.09
HDFC Mutual Fund,HDFC Arbitrage Fund — Max Healthcare Institute MUTUAL FUND UNITS,2025-01,APL Apollo Tubes Ltd.,Industrial Products,0.09
HDFC Mutual Fund,HDFC Arbitrage Fund — Max Healthcare Institute MUTUAL FUND UNITS,2025-01,Bosch Limited,Auto Components,0.08
HDFC Mutual Fund,HDFC Arbitrage Fund — Max Healthcare Institute MUTUAL FUND UNITS,2025-01,REC Limited.,Finance,0.08
HDFC Mutual Fund,HDFC Arbitrage Fund — Max Healthcare Institute MUTUAL FUND UNITS,2025-01,Steel Authority Of India Ltd.,Ferrous Metals,0.08
HDFC Mutual Fund,HDFC Arbitrage Fund — Max Healthcare Institute MUTUAL FUND UNITS,2025-01,Dabur India Ltd.,Personal Products,0.07
HDFC Mutual Fund,HDFC Arbitrage Fund — Max Healthcare Institute MUTUAL FUND UNITS,2025-01,Limited,Capital Markets,0.07
HDFC Mutual Fund,HDFC Arbitrage Fund — Max Healthcare Institute MUTUAL FUND UNITS,2025-01,Muthoot Finance Ltd.,Finance,0.07
HDFC Mutual Fund,HDFC Arbitrage Fund — Max Healthcare Institute MUTUAL FUND UNITS,2025-01,Ltd.,Transport Services,0.06
HDFC Mutual Fund,HDFC Arbitrage Fund — Max Healthcare Institute MUTUAL FUND UNITS,2025-01,Prestige Estates Projects Ltd.,Realty,0.06
HDFC Mutual Fund,HDFC Arbitrage Fund — Max Healthcare Institute MUTUAL FUND UNITS,2025-01,CESC Ltd.,Power,0.05
HDFC Mutual Fund,HDFC Arbitrage Fund — Max Healthcare Institute MUTUAL FUND UNITS,2025-01,International Ltd.,Auto Components,0.05
HDFC Mutual Fund,HDFC Arbitrage Fund — Max Healthcare Institute MUTUAL FUND UNITS,2025-01,Supreme Industries Ltd.,Industrial Products,0.05
HDFC Mutual Fund,HDFC Arbitrage Fund — Max Healthcare Institute MUTUAL FUND UNITS,2025-01,Company Ltd.,Insurance,0.04
HDFC Mutual Fund,HDFC Arbitrage Fund — Max Healthcare Institute MUTUAL FUND UNITS,2025-01,Polycab India Limited,Industrial Products,0.04
HDFC Mutual Fund,HDFC Arbitrage Fund — Max Healthcare Institute MUTUAL FUND UNITS,2025-01,Ltd.,Petroleum Products,0.03
HDFC Mutual Fund,HDFC Arbitrage Fund — Max Healthcare Institute MUTUAL FUND UNITS,2025-01,Sona Blw Precision Forgings,Auto Components,0.03
HDFC Mutual Fund,HDFC Arbitrage Fund — Max Healthcare Institute MUTUAL FUND UNITS,2025-01,Voltas Ltd.,Consumer Durables,0.03
HDFC Mutual Fund,HDFC Arbitrage Fund — Max Healthcare Institute MUTUAL FUND UNITS,2025-01,Wipro Ltd. IT -,Software,0.03
HDFC Mutual Fund,HDFC Arbitrage Fund — Max Healthcare Institute MUTUAL FUND UNITS,2025-01,CanFin Homes Ltd.,Finance,0.02
HDFC Mutual Fund,HDFC Arbitrage Fund — Max Healthcare Institute MUTUAL FUND UNITS,2025-01,Cummins India Ltd.,Industrial Products,0.02
HDFC Mutual Fund,HDFC Arbitrage Fund — Max Healthcare Institute MUTUAL FUND UNITS,2025-01,IDFC First Bank Limited,Banks,0.02
HDFC Mutual Fund,HDFC Arbitrage Fund — Max Healthcare Institute MUTUAL FUND UNITS,2025-01,Insurance Co,Insurance,0.02
HDFC Mutual Fund,HDFC Arbitrage Fund — Max Healthcare Institute MUTUAL FUND UNITS,2025-01,MphasiS Limited. IT -,Software,0.02
HDFC Mutual Fund,HDFC Arbitrage Fund — Max Healthcare Institute MUTUAL FUND UNITS,2025-01,Petronet LNG Ltd.,Gas,0.02
HDFC Mutual Fund,HDFC Arbitrage Fund — Max Healthcare Institute MUTUAL FUND UNITS,2025-01,Tech Mahindra Ltd. IT -,Software,0.02
HDFC Mutual Fund,HDFC Arbitrage Fund — Regular Plan,2025-01,LIMITED,Retailing,0.36
HDFC Mutual Fund,HDFC Arbitrage Fund — Regular Plan,2025-01,Power Ltd.,Ferrous Metals,0.36
HDFC Mutual Fund,HDFC Arbitrage Fund — Regular Plan,2025-01,Tata Steel Ltd.,Ferrous Metals,0.27
HDFC Mutual Fund,HDFC Arbitrage Fund — Regular Plan,2025-01,JSW Steel Ltd.,Ferrous Metals,0.26
HDFC Mutual Fund,HDFC Arbitrage Fund — Regular Plan,2025-01,0.96 0.97 Mahanagar Gas Ltd.,Gas,0.25
HDFC Mutual Fund,HDFC Arbitrage Fund — Regular Plan,2025-01,Ltd.,Automobiles,0.25
HDFC Mutual Fund,HDFC Arbitrage Fund — Regular Plan,2025-01,Coforge Limited IT -,Software,0.24
HDFC Mutual Fund,HDFC Balanced Advantage Fund,2025-01,Ltd.,Finance,0.08
HDFC Mutual Fund,HDFC Balanced Advantage Fund,2025-01,Limited,Insurance,0.06
HDFC Mutual Fund,HDFC Balanced Advantage Fund,2025-01,Limited. IT -,Software,0.06
HDFC Mutual Fund,HDFC Balanced Advantage Fund,2025-01,Corp Ltd,Leisure Services,0.04
HDFC Mutual Fund,HDFC Dividend Yield Fund,2025-01,International Ltd.,Construction,0.15
HDFC Mutual Fund,HDFC Dividend Yield Fund,2025-01,Transformers Ltd.,Electrical Equipment,0.14
HDFC Mutual Fund,HDFC Dividend Yield Fund,2025-01,Cement Limited,Cement & Cement Products,0.12
HDFC Mutual Fund,HDFC Dividend Yield Fund,2025-01,India Limited,Industrial Products,0.11
HDFC Mutual Fund,HDFC Dividend Yield Fund,2025-01,VIEW ANALYTICS LIMITED IT -,Software,0.04
HDFC Mutual Fund,HDFC Focused 30 Fund,2025-01,• ICICI Bank Ltd.,Banks,9.18
HDFC Mutual Fund,HDFC Focused 30 Fund,2025-01,• HDFC Bank Ltd.£,Banks,8.88
HDFC Mutual Fund,HDFC Focused 30 Fund,2025-01,Limited,Banks,4.24
HDFC Mutual Fund,HDFC Focused 30 Fund,2025-01,"₹15,521.28Cr. • HCL Technologies Ltd. IT -",Software,3.41
HDFC Mutual Fund,HDFC Focused 30 Fund,2025-01,Tata Steel Ltd.,Ferrous Metals,2.77
HDFC Mutual Fund,HDFC Focused 30 Fund,2025-01,Bajaj Auto Limited,Automobiles,2.26
HDFC Mutual Fund,HDFC Focused 30 Fund,2025-01,Eicher Motors Ltd.,Automobiles,2.23
HDFC Mutual Fund,HDFC Focused 30 Fund,2025-01,State Bank of India,Banks,2.22
HDFC Mutual Fund,HDFC Focused 30 Fund,2025-01,InterGlobe Aviation Ltd.,Transport Services,1.94
HDFC Mutual Fund,HDFC Focused 30 Fund,2025-01,6.65% (Source: FIMMDA MIBOR) For schemes Consumer Elec. Ltd.,Consumer Durables,1.7
HDFC Mutual Fund,HDFC Focused 30 Fund,2025-01,LIMITED,Leisure Services,1.68
HDFC Mutual Fund,HDFC Housing Opportunities Fund,2025-01,Ltd.,Construction,8.04
HDFC Mutual Fund,HDFC Housing Opportunities Fund,2025-01,Ltd.,Realty,5.81
HDFC Mutual Fund,HDFC Housing Opportunities Fund,2025-01,Ltd,Retailing,2.76
HDFC Mutual Fund,HDFC Housing Opportunities Fund,2025-01,Ltd.,Finance,1.65
HDFC Mutual Fund,HDFC Housing Opportunities Fund,2025-01,Ltd.,Non - Ferrous Metals,1.62
HDFC Mutual Fund,HDFC Housing Opportunities Fund,2025-01,Limited,Realty,0.87
HDFC Mutual Fund,HDFC Large and Mid Cap Fund — HDFC Large and Mid Cap Fund,2025-01,Cholamandalam Financial Holdings Ltd.,Finance,0.19
HDFC Mutual Fund,HDFC Large and Mid Cap Fund — HDFC Large and Mid Cap Fund,2025-01,Housing Finance Ltd.),Finance,0.19
HDFC Mutual Fund,HDFC Large and Mid Cap Fund — HDFC Large and Mid Cap Fund,2025-01,NLC India Ltd.,Power,0.19
HDFC Mutual Fund,HDFC Large and Mid Cap Fund — HDFC Large and Mid Cap Fund,2025-01,Bank of India,Banks,0.18
HDFC Mutual Fund,HDFC Large and Mid Cap Fund — HDFC Large and Mid Cap Fund,2025-01,Exide Industries Ltd.,Auto Components,0.18
HDFC Mutual Fund,HDFC Large and Mid Cap Fund — HDFC Large and Mid Cap Fund,2025-01,Gujarat State Petronet Ltd.,Gas,0.18
HDFC Mutual Fund,HDFC Large and Mid Cap Fund — HDFC Large and Mid Cap Fund,2025-01,KEC International Ltd.,Construction,0.18
HDFC Mutual Fund,HDFC Large and Mid Cap Fund — HDFC Large and Mid Cap Fund,2025-01,CarTrade Tech Limited,Retailing,0.17
HDFC Mutual Fund,HDFC Large and Mid Cap Fund — HDFC Large and Mid Cap Fund,2025-01,Union Bank of India,Banks,0.17
HDFC Mutual Fund,HDFC Large and Mid Cap Fund — HDFC Large and Mid Cap Fund,2025-01,COMPUTER AGE MANAGEMENT SERVICES,Capital Markets,0.16
HDFC Mutual Fund,HDFC Large and Mid Cap Fund — HDFC Large and Mid Cap Fund,2025-01,Container Corporation of India Ltd.,Transport Services,0.16
HDFC Mutual Fund,HDFC Large and Mid Cap Fund — HDFC Large and Mid Cap Fund,2025-01,Macrotech Developers Limited,Realty,0.16
HDFC Mutual Fund,HDFC Large and Mid Cap Fund — HDFC Large and Mid Cap Fund,2025-01,Kajaria Ceramics Ltd.,Consumer Durables,0.15
HDFC Mutual Fund,HDFC Large and Mid Cap Fund — HDFC Large and Mid Cap Fund,2025-01,Samvardhana Motherson International Ltd.,Auto Components,0.13
HDFC Mutual Fund,HDFC Large and Mid Cap Fund — HDFC Large and Mid Cap Fund,2025-01,Brigade Enterprises Limited.,Realty,0.12
HDFC Mutual Fund,HDFC Large and Mid Cap Fund — HDFC Large and Mid Cap Fund,2025-01,Canara Bank,Banks,0.12
HDFC Mutual Fund,HDFC Large and Mid Cap Fund — HDFC Large and Mid Cap Fund,2025-01,TVS Motor Company Ltd.,Automobiles,0.12
HDFC Mutual Fund,HDFC Large and Mid Cap Fund — HDFC Large and Mid Cap Fund,2025-01,Bharat Heavy Electricals Ltd.,Electrical Equipment,0.11
HDFC Mutual Fund,HDFC Large and Mid Cap Fund — HDFC Large and Mid Cap Fund,2025-01,IIFL Finance Limited,Finance,0.11
HDFC Mutual Fund,HDFC Large and Mid Cap Fund — HDFC Large and Mid Cap Fund,2025-01,Star Health and Allied Insurance Company Ltd,Insurance,0.11
HDFC Mutual Fund,HDFC Large and Mid Cap Fund — HDFC Large and Mid Cap Fund,2025-01,Sterling and Wilson Renewable Energy Ltd.,Construction,0.11
HDFC Mutual Fund,HDFC Large and Mid Cap Fund — HDFC Large and Mid Cap Fund,2025-01,Waaree Energies Limited,Electrical Equipment,0.11
HDFC Mutual Fund,HDFC Large and Mid Cap Fund — HDFC Large and Mid Cap Fund,2025-01,Bajaj Housing Finance Ltd.,Finance,0.1
HDFC Mutual Fund,HDFC Large and Mid Cap Fund — HDFC Large and Mid Cap Fund,2025-01,Fsn Ecommerce Ventures Limited (Nykaa),Retailing,0.1
HDFC Mutual Fund,HDFC Large and Mid Cap Fund — HDFC Large and Mid Cap Fund,2025-01,Jio Financial Services Limited,Finance,0.1
HDFC Mutual Fund,HDFC Large and Mid Cap Fund — HDFC Large and Mid Cap Fund,2025-01,Life Insurance Corporation of India,Insurance,0.1
HDFC Mutual Fund,HDFC Large and Mid Cap Fund — HDFC Large and Mid Cap Fund,2025-01,JK Cement Limited,Cement & Cement Products,0.09
HDFC Mutual Fund,HDFC Large and Mid Cap Fund — HDFC Large and Mid Cap Fund,2025-01,SAPPHIRE FOODS INDIA LIMITED,Leisure Services,0.09
HDFC Mutual Fund,HDFC Large and Mid Cap Fund — Regular Plan,2025-01,Ltd.,Banks,0.95
HDFC Mutual Fund,HDFC Large and Mid Cap Fund — Regular Plan,2025-01,Bank Ltd,Banks,0.73
HDFC Mutual Fund,HDFC Large and Mid Cap Fund — Regular Plan,2025-01,Limited,Finance,0.66
HDFC Mutual Fund,HDFC Large and Mid Cap Fund — Regular Plan,2025-01,Corp. Ltd.,Petroleum Products,0.65
HDFC Mutual Fund,HDFC Manufacturing Fund — Direct Plan,2025-01,REC Limited.,Finance,0.92
HDFC Mutual Fund,HDFC Manufacturing Fund — Direct Plan,2025-01,Bank Limited,Banks,0.84
HDFC Mutual Fund,HDFC Manufacturing Fund — Direct Plan,2025-01,India Limited,Automobiles,0.76
HDFC Mutual Fund,HDFC Manufacturing Fund — Direct Plan,2025-01,Bank of Baroda,Banks,0.72
HDFC Mutual Fund,HDFC Manufacturing Fund — Direct Plan,2025-01,GAIL (India) Ltd.,Gas,0.64
HDFC Mutual Fund,HDFC Manufacturing Fund — Direct Plan,2025-01,6.65% (Source: FIMMDA MIBOR) For schemes Ltd. IT -,Software,0.63
HDFC Mutual Fund,HDFC Manufacturing Fund — Direct Plan,2025-01,Bajaj Finance Ltd.,Finance,0.58
HDFC Mutual Fund,HDFC Manufacturing Fund — Direct Plan,2025-01,Zomato Ltd,Retailing,0.55
HDFC Mutual Fund,HDFC Manufacturing Fund — Direct Plan,2025-01,LIMITED,Finance,0.16
HDFC Mutual Fund,HDFC Manufacturing Fund — Direct Plan,2025-01,Limited,Telecom - Services,0.16
HDFC Mutual Fund,HDFC Manufacturing Fund — Direct Plan,2025-01,Ltd.,Realty,0.16
HDFC Mutual Fund,HDFC Manufacturing Fund — Direct Plan,2025-01,Ltd.,Gas,0.14
HDFC Mutual Fund,HDFC Manufacturing Fund — Direct Plan,2025-01,Company Ltd.,Power,0.13
HDFC Mutual Fund,HDFC Manufacturing Fund — Direct Plan,2025-01,Power Co. Ltd.,Power,0.13
HDFC Mutual Fund,HDFC Manufacturing Fund — Direct Plan,2025-01,Services Limited,Finance,0.13
HDFC Mutual Fund,HDFC Manufacturing Fund — Direct Plan,2025-01,Canara Bank,Banks,0.12
HDFC Mutual Fund,HDFC Manufacturing Fund — HDFC Manufacturing Fund,2025-01,Ltd.,Automobiles,5.56
HDFC Mutual Fund,HDFC Manufacturing Fund — HDFC Manufacturing Fund,2025-01,Limited,Automobiles,4.83
HDFC Mutual Fund,HDFC Manufacturing Fund — HDFC Manufacturing Fund,2025-01,Ltd.,Construction,2.83
HDFC Mutual Fund,HDFC Manufacturing Fund — HDFC Manufacturing Fund,2025-01,Corp. Ltd.,Petroleum Products,2.04
HDFC Mutual Fund,HDFC Manufacturing Fund — HDFC Manufacturing Fund,2025-01,Ltd.,Personal Products,1.69
HDFC Mutual Fund,HDFC Mid-Cap Opportunities Fund — HDFC Mid-Cap Opportunities Fund,2025-01,Ltd.,Insurance,3.86
HDFC Mutual Fund,HDFC Mid-Cap Opportunities Fund — HDFC Mid-Cap Opportunities Fund,2025-01,Ltd.,Leisure Services,3.7
HDFC Mutual Fund,HDFC Mid-Cap Opportunities Fund — HDFC Mid-Cap Opportunities Fund,2025-01,Ltd.,Auto Components,3.31
HDFC Mutual Fund,HDFC Mid-Cap Opportunities Fund — HDFC Mid-Cap Opportunities Fund,2025-01,Limited IT -,Software,2.95
HDFC Mutual Fund,HDFC Mid-Cap Opportunities Fund — HDFC Mid-Cap Opportunities Fund,2025-01,Ltd.,Finance,2.14
HDFC Mutual Fund,HDFC Mid-Cap Opportunities Fund — HDFC Mid-Cap Opportunities Fund,2025-01,Ltd.,Banks,2.02
HDFC Mutual Fund,HDFC Mid-Cap Opportunities Fund — Regular Plan,2025-01,Ltd.,Banks,1.24
HDFC Mutual Fund,HDFC Mid-Cap Opportunities Fund — Regular Plan,2025-01,Ltd.,Construction,1.21
HDFC Mutual Fund,HDFC Mid-Cap Opportunities Fund — Regular Plan,2025-01,Ltd.,Consumer Durables,0.85
HDFC Mutual Fund,HDFC Mid-Cap Opportunities Fund — Regular Plan,2025-01,Limited,Transport Services,0.82
HDFC Mutual Fund,HDFC Multi Cap Fund — HDFC Multi Cap Fund,2025-01,Agency Limited,Finance,0.34
HDFC Mutual Fund,HDFC Multi Cap Fund — HDFC Multi Cap Fund,2025-01,Indraprastha Gas Ltd.,Gas,0.34
HDFC Mutual Fund,HDFC Multi Cap Fund — HDFC Multi Cap Fund,2025-01,Jindal Steel & Power Ltd.,Ferrous Metals,0.34
HDFC Mutual Fund,HDFC Multi Cap Fund — HDFC Multi Cap Fund,2025-01,Le Travenues Technology Limited,Leisure Services,0.34
HDFC Mutual Fund,HDFC Multi Cap Fund — HDFC Multi Cap Fund,2025-01,Gabriel India Ltd.,Auto Components,0.33
HDFC Mutual Fund,HDFC Multi Cap Fund — HDFC Multi Cap Fund,2025-01,Medi Assist Healthcare Services Limited,Insurance,0.33
HDFC Mutual Fund,HDFC Multi Cap Fund — HDFC Multi Cap Fund,2025-01,CESC Ltd.,Power,0.32
HDFC Mutual Fund,HDFC Multi Cap Fund — HDFC Multi Cap Fund,2025-01,KAYNES TECHNOLOGY INDIA LIMITED,Industrial Manufacturing,0.32
HDFC Mutual Fund,HDFC Multi Cap Fund — HDFC Multi Cap Fund,2025-01,Limited,Capital Markets,0.32
HDFC Mutual Fund,HDFC Multi Cap Fund — HDFC Multi Cap Fund,2025-01,Birla Corporation Ltd.,Cement & Cement Products,0.31
HDFC Mutual Fund,HDFC Multi Cap Fund — HDFC Multi Cap Fund,2025-01,Tech Mahindra Ltd. IT -,Software,0.31
HDFC Mutual Fund,HDFC Multi Cap Fund — HDFC Multi Cap Fund,2025-01,Au Housing Finance Ltd.),Finance,0.3
HDFC Mutual Fund,HDFC Multi Cap Fund — HDFC Multi Cap Fund,2025-01,Bosch Limited,Auto Components,0.3
HDFC Mutual Fund,HDFC Multi Cap Fund — HDFC Multi Cap Fund,2025-01,Great Eastern Shipping Company Ltd.,Transport Services,0.3
HDFC Mutual Fund,HDFC Multi Cap Fund — HDFC Multi Cap Fund,2025-01,RBL Bank Ltd.,Banks,0.3
HDFC Mutual Fund,HDFC Multi Cap Fund — HDFC Multi Cap Fund,2025-01,Aditya Birla Capital ltd.,Finance,0.29
HDFC Mutual Fund,HDFC Multi Cap Fund — HDFC Multi Cap Fund,2025-01,Delta Corp Ltd.,Leisure Services,0.29
HDFC Mutual Fund,HDFC Multi Cap Fund — HDFC Multi Cap Fund,2025-01,METRO BRANDS LIMITED,Consumer Durables,0.29
HDFC Mutual Fund,HDFC Multi Cap Fund — HDFC Multi Cap Fund,2025-01,Aadhar Housing Finance Limited,Finance,0.28
HDFC Mutual Fund,HDFC Multi Cap Fund — HDFC Multi Cap Fund,2025-01,Godrej Consumer Products Ltd.,Personal Products,0.28
HDFC Mutual Fund,HDFC Multi Cap Fund — HDFC Multi Cap Fund,2025-01,Dilip Buildcon Ltd.,Construction,0.27
HDFC Mutual Fund,HDFC Multi Cap Fund — HDFC Multi Cap Fund,2025-01,Zensar Technologies Ltd. IT -,Software,0.27
HDFC Mutual Fund,HDFC Multi Cap Fund — HDFC Multi Cap Fund,2025-01,Havells India Ltd.,Consumer Durables,0.26
HDFC Mutual Fund,HDFC Multi Cap Fund — HDFC Multi Cap Fund,2025-01,Mahanagar Gas Ltd.,Gas,0.25
HDFC Mutual Fund,HDFC Multi Cap Fund — HDFC Multi Cap Fund,2025-01,Whirlpool of India Ltd.,Consumer Durables,0.25
HDFC Mutual Fund,HDFC Multi Cap Fund — HDFC Multi Cap Fund,2025-01,AkzoNobel India Ltd.,Consumer Durables,0.24
HDFC Mutual Fund,HDFC Multi Cap Fund — HDFC Multi Cap Fund,2025-01,Blue Star Ltd.,Consumer Durables,0.24
HDFC Mutual Fund,HDFC Multi Cap Fund — HDFC Multi Cap Fund,2025-01,CG Power and Industrial Solutions Ltd.,Electrical Equipment,0.24
HDFC Mutual Fund,HDFC Multi Cap Fund — HDFC Multi Cap Fund,2025-01,Eicher Motors Ltd.,Automobiles,0.24
HDFC Mutual Fund,HDFC Multi Cap Fund — HDFC Multi Cap Fund,2025-01,IDFC First Bank Limited,Banks,0.24
HDFC Mutual Fund,HDFC Multi Cap Fund — HDFC Multi Cap Fund,2025-01,The Ramco Cements Ltd.,Cement & Cement Products,0.24
HDFC Mutual Fund,HDFC Multi Cap Fund — HDFC Multi Cap Fund,2025-01,360 ONE WAM LIMITED,Capital Markets,0.22
HDFC Mutual Fund,HDFC Multi Cap Fund — HDFC Multi Cap Fund,2025-01,Indian Bank,Banks,0.22
HDFC Mutual Fund,HDFC Multi Cap Fund — HDFC Multi Cap Fund,2025-01,TEGA INDUSTRIES LIMITED,Industrial Manufacturing,0.22
HDFC Mutual Fund,HDFC Multi Cap Fund — HDFC Multi Cap Fund,2025-01,VODAFONE IDEA LIMITED,Telecom - Services,0.22
HDFC Mutual Fund,HDFC Multi Cap Fund — HDFC Multi Cap Fund,2025-01,Bandhan Bank Ltd.,Banks,0.21
HDFC Mutual Fund,HDFC Multi Cap Fund — HDFC Multi Cap Fund,2025-01,Greenply Industries Ltd.,Consumer Durables,0.21
HDFC Mutual Fund,HDFC Multi Cap Fund — Plan S,2025-01,Ltd.,Non - Ferrous Metals,0.96
HDFC Mutual Fund,HDFC Multi Cap Fund — Plan S,2025-01,Ltd.,Automobiles,0.83
HDFC Mutual Fund,HDFC Multi Cap Fund — Plan S,2025-01,Limited,Automobiles,0.49
HDFC Mutual Fund,HDFC Multi Cap Fund — Plan S,2025-01,Ltd.,Finance,0.09
HDFC Mutual Fund,HDFC Retirement Savings Fund - Hybrid Equity Plan — HDFC Retirement Savings Fund - Hybrid Equity Plan,2025-01,Ltd.,Petroleum Products,2.85
HDFC Mutual Fund,HDFC Retirement Savings Fund - Hybrid Equity Plan — HDFC Retirement Savings Fund - Hybrid Equity Plan,2025-01,Limited,Banks,2.33
HDFC Mutual Fund,HDFC Retirement Savings Fund - Hybrid Equity Plan — HDFC Retirement Savings Fund - Hybrid Equity Plan,2025-01,Ltd.,Construction,2.07
HDFC Mutual Fund,HDFC Retirement Savings Fund - Hybrid Equity Plan — HDFC Retirement Savings Fund - Hybrid Equity Plan,2025-01,Limited,Automobiles,1.98
HDFC Mutual Fund,HDFC Retirement Savings Fund - Hybrid Equity Plan — HDFC Retirement Savings Fund - Hybrid Equity Plan,2025-01,Ltd.,Automobiles,0.96
HDFC Mutual Fund,HDFC Retirement Savings Fund - Hybrid Equity Plan — RETIREMENT FUND,2025-01,Finolex Industries Ltd.,Industrial Products,0.4
HDFC Mutual Fund,HDFC Retirement Savings Fund - Hybrid Equity Plan — RETIREMENT FUND,2025-01,Company Ltd,Capital Markets,0.37
HDFC Mutual Fund,HDFC Retirement Savings Fund - Hybrid Equity Plan — RETIREMENT FUND,2025-01,GNA Axles Ltd.,Auto Components,0.37
HDFC Mutual Fund,HDFC Retirement Savings Fund - Hybrid Equity Plan — RETIREMENT FUND,2025-01,Resorts Ind Ltd.,Leisure Services,0.31
HDFC Mutual Fund,HDFC Retirement Savings Fund - Hybrid Equity Plan — RETIREMENT FUND,2025-01,Timken India Ltd.,Industrial Products,0.28
HDFC Mutual Fund,HDFC Retirement Savings Fund - Hybrid Equity Plan — RETIREMENT FUND,2025-01,Rolex Rings Limited,Auto Components,0.23
HDFC Mutual Fund,HDFC Retirement Savings Fund - Hybrid Equity Plan — RETIREMENT FUND,2025-01,Services Limited,Automobiles,0.23
HDFC Mutual Fund,HDFC Retirement Savings Fund - Hybrid Equity Plan — RETIREMENT FUND,2025-01,KEC International Ltd.,Construction,0.22
HDFC Mutual Fund,HDFC Retirement Savings Fund - Hybrid Equity Plan — RETIREMENT FUND,2025-01,Nilkamal Ltd.,Consumer Durables,0.17
HDFC Mutual Fund,HDFC Retirement Savings Fund - Hybrid Equity Plan — RETIREMENT FUND,2025-01,ITC Hotels Limited,Leisure Services,0.06
HDFC Mutual Fund,HDFC Arbitrage Fund,2025-02,Indian Energy Exchange Limited,Capital Markets,0.07
HDFC Mutual Fund,HDFC Arbitrage Fund,2025-02,Ltd.,Construction,0.07
HDFC Mutual Fund,HDFC Arbitrage Fund,2025-02,Manappuram Finance Ltd.,Finance,0.07
HDFC Mutual Fund,HDFC Arbitrage Fund,2025-02,Power Finance Corporation Ltd.,Finance,0.07
HDFC Mutual Fund,HDFC Arbitrage Fund,2025-02,Havells India Ltd.,Consumer Durables,0.06
HDFC Mutual Fund,HDFC Arbitrage Fund,2025-02,Adani Energy Solutions Limited,Power,0.05
HDFC Mutual Fund,HDFC Arbitrage Fund,2025-02,India L,Capital Markets,0.05
HDFC Mutual Fund,HDFC Arbitrage Fund,2025-02,Bharat Forge Ltd.,Auto Components,0.04
HDFC Mutual Fund,HDFC Arbitrage Fund,2025-02,Bharat Heavy Electricals Ltd.,Electrical Equipment,0.04
HDFC Mutual Fund,HDFC Arbitrage Fund,2025-02,Cummins India Ltd.,Industrial Products,0.04
HDFC Mutual Fund,HDFC Arbitrage Fund,2025-02,InterGlobe Aviation Ltd.,Transport Services,0.04
HDFC Mutual Fund,HDFC Arbitrage Fund,2025-02,Nestle India Ltd.,Food Products,0.04
HDFC Mutual Fund,HDFC Arbitrage Fund,2025-02,Company Ltd.,Insurance,0.03
HDFC Mutual Fund,HDFC Arbitrage Fund,2025-02,MRF Ltd.,Auto Components,0.03
HDFC Mutual Fund,HDFC Arbitrage Fund,2025-02,Polycab India Limited,Industrial Products,0.03
HDFC Mutual Fund,HDFC Arbitrage Fund,2025-02,SERVICES,Capital Markets,0.03
HDFC Mutual Fund,HDFC Arbitrage Fund,2025-02,Ltd.,Petroleum Products,0.02
HDFC Mutual Fund,HDFC Arbitrage Fund,2025-02,Petronet LNG Ltd.,Gas,0.02
HDFC Mutual Fund,HDFC Arbitrage Fund,2025-02,Tube Investments of India Ltd.,Auto Components,0.02
HDFC Mutual Fund,HDFC Arbitrage Fund,2025-02,Au Small Finance Bank Ltd.,Banks,0.01
HDFC Mutual Fund,HDFC Arbitrage Fund,2025-02,Colgate-Palmolive ( I ) Ltd.,Personal Products,0.01
HDFC Mutual Fund,HDFC Arbitrage Fund,2025-02,Dabur India Ltd.,Personal Products,0.01
HDFC Mutual Fund,HDFC Arbitrage Fund,2025-02,Finance Co. Ltd.,Finance,0.01
HDFC Mutual Fund,HDFC Arbitrage Fund,2025-02,Hindustan Petroleum Corp. Ltd.,Petroleum Products,0.01
HDFC Mutual Fund,HDFC Arbitrage Fund — HDFC Arbitrage Fund,2025-02,• ICICI Bank Ltd.,Banks,5.57
HDFC Mutual Fund,HDFC Arbitrage Fund — HDFC Arbitrage Fund,2025-02,• Axis Bank Ltd.,Banks,5.15
HDFC Mutual Fund,HDFC Arbitrage Fund — HDFC Arbitrage Fund,2025-02,2020 years • Infosys Limited IT -,Software,2.91
HDFC Mutual Fund,HDFC Arbitrage Fund — HDFC Arbitrage Fund,2025-02,• HDFC Bank Ltd.£,Banks,2.54
HDFC Mutual Fund,HDFC Arbitrage Fund — HDFC Arbitrage Fund,2025-02,Bank Limited,Banks,2.11
HDFC Mutual Fund,HDFC Arbitrage Fund — HDFC Arbitrage Fund,2025-02,Services Ltd. IT -,Software,1.95
HDFC Mutual Fund,HDFC Arbitrage Fund — HDFC Arbitrage Fund,2025-02,Mahindra Ltd.,Automobiles,1.55
HDFC Mutual Fund,HDFC Arbitrage Fund — HDFC Arbitrage Fund,2025-02,23.644 Company Ltd.,Power,1.41
HDFC Mutual Fund,HDFC Arbitrage Fund — HDFC Arbitrage Fund,2025-02,Toubro Ltd.,Construction,1.41
HDFC Mutual Fund,HDFC Arbitrage Fund — HDFC Arbitrage Fund,2025-02,Canara Bank,Banks,1.2
HDFC Mutual Fund,HDFC Arbitrage Fund — HDFC Arbitrage Fund,2025-02,DLF LIMITED,Realty,1.1
HDFC Mutual Fund,HDFC Arbitrage Fund — Wholesale Plan,2025-02,1.41 1.41 Company Ltd.,Automobiles,0.33
HDFC Mutual Fund,HDFC Arbitrage Fund — Wholesale Plan,2025-02,Ltd.,Automobiles,0.31
HDFC Mutual Fund,HDFC Arbitrage Fund — Wholesale Plan,2025-02,1.10 1.10 Tata Steel Ltd.,Ferrous Metals,0.3
HDFC Mutual Fund,HDFC Arbitrage Fund — Wholesale Plan,2025-02,1.19 1.20 REC Limited.,Finance,0.3
HDFC Mutual Fund,HDFC Arbitrage Fund — Wholesale Plan,2025-02,India Limited,Automobiles,0.3
HDFC Mutual Fund,HDFC Arbitrage Fund — Wholesale Plan,2025-02,1.00 1.01 Limited,Banks,0.28
HDFC Mutual Fund,HDFC Arbitrage Fund — Wholesale Plan,2025-02,- India Ltd.,Power,0.26
HDFC Mutual Fund,HDFC Arbitrage Fund — Wholesale Plan,2025-02,Company Limited,Insurance,0.26
HDFC Mutual Fund,HDFC Arbitrage Fund — Wholesale Plan,2025-02,0.65 0.66 Coforge Limited IT -,Software,0.25
HDFC Mutual Fund,HDFC Arbitrage Fund — Wholesale Plan,2025-02,Bank of India,Banks,0.24
HDFC Mutual Fund,HDFC Arbitrage Fund — Wholesale Plan,2025-02,0.56 0.56 Ltd.,Gas,0.22
HDFC Mutual Fund,HDFC Banking & Financial Services Fund,2025-02,Ltd.,Banks,3.05
HDFC Mutual Fund,HDFC Banking & Financial Services Fund,2025-02,Limited,Banks,2.71
HDFC Mutual Fund,HDFC Banking & Financial Services Fund,2025-02,Ltd.,Insurance,2.63
HDFC Mutual Fund,HDFC Banking & Financial Services Fund,2025-02,Ltd.,Finance,1.99
HDFC Mutual Fund,HDFC Banking & Financial Services Fund,2025-02,Bank Ltd,Banks,1.83
HDFC Mutual Fund,HDFC Banking & Financial Services Fund — SECTORAL FUND,2025-02,22.24 Services Limited,Insurance,1.1
HDFC Mutual Fund,HDFC Banking & Financial Services Fund — SECTORAL FUND,2025-02,6.53 Financial Services Ltd.,Finance,1.09
HDFC Mutual Fund,HDFC Banking & Financial Services Fund — SECTORAL FUND,2025-02,5.54 DCB Bank Limited,Banks,0.79
HDFC Mutual Fund,HDFC Banking & Financial Services Fund — SECTORAL FUND,2025-02,2.21 Repco Home Finance Ltd.,Finance,0.18
HDFC Mutual Fund,HDFC Dividend Yield Fund,2025-02,Engineers Limited,Industrial Products,0.15
HDFC Mutual Fund,HDFC Dividend Yield Fund,2025-02,Financial Services Limited,Finance,0.15
HDFC Mutual Fund,HDFC Dividend Yield Fund,2025-02,International Ltd.,Construction,0.14
HDFC Mutual Fund,HDFC Dividend Yield Fund,2025-02,Technologies Ltd.,Auto Components,0.14
HDFC Mutual Fund,HDFC Dividend Yield Fund,2025-02,Electric & Engin. Co. Ltd.,Construction,0.13
HDFC Mutual Fund,HDFC Dividend Yield Fund,2025-02,India Limited,Industrial Products,0.13
HDFC Mutual Fund,HDFC Dividend Yield Fund,2025-02,Cement Limited,Cement & Cement Products,0.11
HDFC Mutual Fund,HDFC Dividend Yield Fund,2025-02,Silks (Kalamandir) Limited,Retailing,0.11
HDFC Mutual Fund,HDFC Dividend Yield Fund,2025-02,Transformers Ltd.,Electrical Equipment,0.11
HDFC Mutual Fund,HDFC Dividend Yield Fund,2025-02,India Ltd.,Industrial Products,0.08
HDFC Mutual Fund,HDFC Dividend Yield Fund,2025-02,Hotels Limited,Leisure Services,0.07
HDFC Mutual Fund,HDFC Dividend Yield Fund,2025-02,Software Ltd. IT -,Software,0.05
HDFC Mutual Fund,HDFC Dividend Yield Fund,2025-02,instruments Limited,Electrical Equipment,0.05
HDFC Mutual Fund,HDFC Dividend Yield Fund,2025-02,India Ltd.,Power,0.04
HDFC Mutual Fund,HDFC Dividend Yield Fund,2025-02,VIEW ANALYTICS LIMITED IT -,Software,0.03
HDFC Mutual Fund,HDFC Dividend Yield Fund — FOCUSED FUND,2025-02,Services 3.56 Nexus Select Trust REIT,Realty,2.37
HDFC Mutual Fund,HDFC Dividend Yield Fund — FOCUSED FUND,2025-02,9.69 Limited (Nykaa),Retailing,0.92
HDFC Mutual Fund,HDFC Dividend Yield Fund — FOCUSED FUND,2025-02,2.92 Embassy Office Parks REIT,Realty,0.89
HDFC Mutual Fund,HDFC Dividend Yield Fund — FOCUSED FUND,2025-02,8.92 Birlasoft Limited IT -,Software,0.82
HDFC Mutual Fund,HDFC Dividend Yield Fund — FOCUSED FUND,2025-02,4.81 Limited,Leisure Services,0.72
HDFC Mutual Fund,HDFC Housing Opportunities Fund,2025-02,Ltd.,Construction,5.71
HDFC Mutual Fund,HDFC Housing Opportunities Fund,2025-02,Ltd.,Transport Services,3.19
HDFC Mutual Fund,HDFC Housing Opportunities Fund,2025-02,Ltd.,Petroleum Products,2.85
HDFC Mutual Fund,HDFC Housing Opportunities Fund,2025-02,Ltd.,Electrical Equipment,1.32
HDFC Mutual Fund,HDFC Housing Opportunities Fund — Regular Plan,2025-02,Ltd.,Realty,5.32
HDFC Mutual Fund,HDFC Housing Opportunities Fund — Regular Plan,2025-02,Ltd,Retailing,2.61
HDFC Mutual Fund,HDFC Housing Opportunities Fund — Regular Plan,2025-02,Ltd.,Finance,1.53
HDFC Mutual Fund,HDFC Housing Opportunities Fund — Regular Plan,2025-02,Limited,Realty,1.07
HDFC Mutual Fund,HDFC Housing Opportunities Fund — THEMATIC FUND,2025-02,PNC Infratech Ltd.,Construction,0.85
HDFC Mutual Fund,HDFC Housing Opportunities Fund — THEMATIC FUND,2025-02,10.47 Indraprastha Gas Ltd.,Gas,0.81
HDFC Mutual Fund,HDFC Housing Opportunities Fund — THEMATIC FUND,2025-02,9.94 Bajaj Electricals Ltd.,Consumer Durables,0.78
HDFC Mutual Fund,HDFC Housing Opportunities Fund — THEMATIC FUND,2025-02,7.87 Shriram Properties Limited,Realty,0.75
HDFC Mutual Fund,HDFC Housing Opportunities Fund — THEMATIC FUND,2025-02,6.41 CanFin Homes Ltd.,Finance,0.74
HDFC Mutual Fund,HDFC Housing Opportunities Fund — THEMATIC FUND,2025-02,Gujarat Gas Ltd.,Gas,0.48
HDFC Mutual Fund,HDFC Housing Opportunities Fund — THEMATIC FUND,2025-02,6.38 Kajaria Ceramics Ltd.,Consumer Durables,0.38
HDFC Mutual Fund,HDFC Housing Opportunities Fund — THEMATIC FUND,2025-02,4.17 Housing Finance Ltd.),Finance,0.34
HDFC Mutual Fund,HDFC Large and Mid Cap Fund — Direct Plan,2025-02,Ltd. IT -,Software,0.93
HDFC Mutual Fund,HDFC Large and Mid Cap Fund — Direct Plan,2025-02,Ltd.,Auto Components,0.75
HDFC Mutual Fund,HDFC Large and Mid Cap Fund — Direct Plan,2025-02,Ltd.,Insurance,0.71
HDFC Mutual Fund,HDFC Large and Mid Cap Fund — Direct Plan,2025-02,Ltd.,Ferrous Metals,0.7
HDFC Mutual Fund,HDFC Large and Mid Cap Fund — HDFC Large and Mid Cap Fund,2025-02,ACC Ltd.,Cement & Cement Products,0.3
HDFC Mutual Fund,HDFC Large and Mid Cap Fund — HDFC Large and Mid Cap Fund,2025-02,Medi Assist Healthcare Services Limited,Insurance,0.3
HDFC Mutual Fund,HDFC Large and Mid Cap Fund — HDFC Large and Mid Cap Fund,2025-02,Avalon Technologies Limited,Electrical Equipment,0.28
HDFC Mutual Fund,HDFC Large and Mid Cap Fund — HDFC Large and Mid Cap Fund,2025-02,Blue Dart Express Ltd.,Transport Services,0.28
HDFC Mutual Fund,HDFC Large and Mid Cap Fund — HDFC Large and Mid Cap Fund,2025-02,CIE Automotive India Ltd,Auto Components,0.28
HDFC Mutual Fund,HDFC Large and Mid Cap Fund — HDFC Large and Mid Cap Fund,2025-02,Havells India Ltd.,Consumer Durables,0.28
HDFC Mutual Fund,HDFC Large and Mid Cap Fund — HDFC Large and Mid Cap Fund,2025-02,KAYNES TECHNOLOGY INDIA LIMITED,Industrial Manufacturing,0.28
HDFC Mutual Fund,HDFC Large and Mid Cap Fund — HDFC Large and Mid Cap Fund,2025-02,LTIMindtree Limited IT -,Software,0.28
HDFC Mutual Fund,HDFC Large and Mid Cap Fund — HDFC Large and Mid Cap Fund,2025-02,Delhivery Limited,Transport Services,0.27
HDFC Mutual Fund,HDFC Large and Mid Cap Fund — HDFC Large and Mid Cap Fund,2025-02,Sona Blw Precision Forgings,Auto Components,0.26
HDFC Mutual Fund,HDFC Large and Mid Cap Fund — HDFC Large and Mid Cap Fund,2025-02,Suzlon Energy Ltd,Electrical Equipment,0.26
HDFC Mutual Fund,HDFC Large and Mid Cap Fund — HDFC Large and Mid Cap Fund,2025-02,Blue Star Ltd.,Consumer Durables,0.25
HDFC Mutual Fund,HDFC Large and Mid Cap Fund — HDFC Large and Mid Cap Fund,2025-02,Supreme Industries Ltd.,Industrial Products,0.25
HDFC Mutual Fund,HDFC Large and Mid Cap Fund — HDFC Large and Mid Cap Fund,2025-02,AIA Engineering Ltd.,Industrial Products,0.24
HDFC Mutual Fund,HDFC Large and Mid Cap Fund — HDFC Large and Mid Cap Fund,2025-02,Carborundum Universal Ltd.,Industrial Products,0.23
HDFC Mutual Fund,HDFC Large and Mid Cap Fund — HDFC Large and Mid Cap Fund,2025-02,Whirlpool of India Ltd.,Consumer Durables,0.23
HDFC Mutual Fund,HDFC Large and Mid Cap Fund — HDFC Large and Mid Cap Fund,2025-02,Aditya Birla Capital ltd.,Finance,0.22
HDFC Mutual Fund,HDFC Large and Mid Cap Fund — HDFC Large and Mid Cap Fund,2025-02,Cholamandalam Financial Holdings Ltd.,Finance,0.22
HDFC Mutual Fund,HDFC Large and Mid Cap Fund — HDFC Large and Mid Cap Fund,2025-02,JSW Energy Ltd.,Power,0.22
HDFC Mutual Fund,HDFC Large and Mid Cap Fund — HDFC Large and Mid Cap Fund,2025-02,Bata India Ltd.,Consumer Durables,0.21
HDFC Mutual Fund,HDFC Large and Mid Cap Fund — HDFC Large and Mid Cap Fund,2025-02,as Au Housing Finance Ltd.),Finance,0.21
HDFC Mutual Fund,HDFC Large and Mid Cap Fund — HDFC Large and Mid Cap Fund,2025-02,Brainbees Solutions Limited (FirstCry),Retailing,0.19
HDFC Mutual Fund,HDFC Large and Mid Cap Fund — HDFC Large and Mid Cap Fund,2025-02,NLC India Ltd.,Power,0.19
HDFC Mutual Fund,HDFC Large and Mid Cap Fund — HDFC Large and Mid Cap Fund,2025-02,TEGA INDUSTRIES LIMITED,Industrial Manufacturing,0.19
HDFC Mutual Fund,HDFC Large and Mid Cap Fund — HDFC Large and Mid Cap Fund,2025-02,Titagarh Wagons Limited,Industrial Manufacturing,0.19
HDFC Mutual Fund,HDFC Large and Mid Cap Fund — HDFC Large and Mid Cap Fund,2025-02,Tube Investments of India Ltd.,Auto Components,0.19
HDFC Mutual Fund,HDFC Large and Mid Cap Fund — HDFC Large and Mid Cap Fund,2025-02,VODAFONE IDEA LIMITED,Telecom - Services,0.19
HDFC Mutual Fund,HDFC Large and Mid Cap Fund — HDFC Large and Mid Cap Fund,2025-02,Exide Industries Ltd.,Auto Components,0.18
HDFC Mutual Fund,HDFC Large and Mid Cap Fund — HDFC Large and Mid Cap Fund,2025-02,Bombay Stock Exchange Ltd. (BSE),Capital Markets,0.17
HDFC Mutual Fund,HDFC Large and Mid Cap Fund — HDFC Large and Mid Cap Fund,2025-02,Union Bank of India,Banks,0.17
HDFC Mutual Fund,HDFC Large and Mid Cap Fund — HDFC Large and Mid Cap Fund,2025-02,Bank of India,Banks,0.16
HDFC Mutual Fund,HDFC Large and Mid Cap Fund — HDFC Large and Mid Cap Fund,2025-02,CarTrade Tech Limited,Retailing,0.16
HDFC Mutual Fund,HDFC Large and Mid Cap Fund — HDFC Large and Mid Cap Fund,2025-02,KEC International Ltd.,Construction,0.16
HDFC Mutual Fund,HDFC Multi Cap Fund — HDFC Multi Cap Fund,2025-02,METRO BRANDS LIMITED,Consumer Durables,0.3
HDFC Mutual Fund,HDFC Multi Cap Fund — HDFC Multi Cap Fund,2025-02,Tech Mahindra Ltd. IT -,Software,0.3
HDFC Mutual Fund,HDFC Multi Cap Fund — HDFC Multi Cap Fund,2025-02,Agency Limited,Finance,0.29
HDFC Mutual Fund,HDFC Multi Cap Fund — HDFC Multi Cap Fund,2025-02,Delta Corp Ltd.,Leisure Services,0.29
HDFC Mutual Fund,HDFC Multi Cap Fund — HDFC Multi Cap Fund,2025-02,Medi Assist Healthcare Services Limited,Insurance,0.29
HDFC Mutual Fund,HDFC Multi Cap Fund — HDFC Multi Cap Fund,2025-02,Aditya Birla Capital ltd.,Finance,0.28
HDFC Mutual Fund,HDFC Multi Cap Fund — HDFC Multi Cap Fund,2025-02,Birla Corporation Ltd.,Cement & Cement Products,0.28
HDFC Mutual Fund,HDFC Multi Cap Fund — HDFC Multi Cap Fund,2025-02,Blue Star Ltd.,Consumer Durables,0.28
HDFC Mutual Fund,HDFC Multi Cap Fund — HDFC Multi Cap Fund,2025-02,Dilip Buildcon Ltd.,Construction,0.28
HDFC Mutual Fund,HDFC Multi Cap Fund — HDFC Multi Cap Fund,2025-02,Limited,Capital Markets,0.28
HDFC Mutual Fund,HDFC Multi Cap Fund — HDFC Multi Cap Fund,2025-02,Godrej Consumer Products Ltd.,Personal Products,0.27
HDFC Mutual Fund,HDFC Multi Cap Fund — HDFC Multi Cap Fund,2025-02,Havells India Ltd.,Consumer Durables,0.26
HDFC Mutual Fund,HDFC Multi Cap Fund — HDFC Multi Cap Fund,2025-02,Hero MotoCorp Ltd.,Automobiles,0.25
HDFC Mutual Fund,HDFC Multi Cap Fund — HDFC Multi Cap Fund,2025-02,Zensar Technologies Ltd. IT -,Software,0.25
HDFC Mutual Fund,HDFC Multi Cap Fund — HDFC Multi Cap Fund,2025-02,360 ONE WAM LIMITED,Capital Markets,0.24
HDFC Mutual Fund,HDFC Multi Cap Fund — HDFC Multi Cap Fund,2025-02,Eicher Motors Ltd.,Automobiles,0.24
HDFC Mutual Fund,HDFC Multi Cap Fund — HDFC Multi Cap Fund,2025-02,Great Eastern Shipping Company Ltd.,Transport Services,0.24
HDFC Mutual Fund,HDFC Multi Cap Fund — HDFC Multi Cap Fund,2025-02,IDFC First Bank Limited,Banks,0.24
HDFC Mutual Fund,HDFC Multi Cap Fund — HDFC Multi Cap Fund,2025-02,Mahanagar Gas Ltd.,Gas,0.24
HDFC Mutual Fund,HDFC Multi Cap Fund — HDFC Multi Cap Fund,2025-02,CG Power and Industrial Solutions Ltd.,Electrical Equipment,0.23
HDFC Mutual Fund,HDFC Multi Cap Fund — HDFC Multi Cap Fund,2025-02,Hindalco Industries Ltd.,Non - Ferrous Metals,0.23
HDFC Mutual Fund,HDFC Multi Cap Fund — HDFC Multi Cap Fund,2025-02,The Ramco Cements Ltd.,Cement & Cement Products,0.23
HDFC Mutual Fund,HDFC Multi Cap Fund — HDFC Multi Cap Fund,2025-02,Greenply Industries Ltd.,Consumer Durables,0.22
HDFC Mutual Fund,HDFC Multi Cap Fund — HDFC Multi Cap Fund,2025-02,Indian Bank,Banks,0.22
HDFC Mutual Fund,HDFC Multi Cap Fund — HDFC Multi Cap Fund,2025-02,Whirlpool of India Ltd.,Consumer Durables,0.22
HDFC Mutual Fund,HDFC Multi Cap Fund — HDFC Multi Cap Fund,2025-02,AkzoNobel India Ltd.,Consumer Durables,0.21
HDFC Mutual Fund,HDFC Multi Cap Fund — HDFC Multi Cap Fund,2025-02,Bandhan Bank Ltd.,Banks,0.21
HDFC Mutual Fund,HDFC Multi Cap Fund — HDFC Multi Cap Fund,2025-02,TEGA INDUSTRIES LIMITED,Industrial Manufacturing,0.21
HDFC Mutual Fund,HDFC Multi Cap Fund — HDFC Multi Cap Fund,2025-02,Delhivery Limited,Transport Services,0.2
HDFC Mutual Fund,HDFC Multi Cap Fund — HDFC Multi Cap Fund,2025-02,Ltd.,Auto Components,0.2
HDFC Mutual Fund,HDFC Multi Cap Fund — HDFC Multi Cap Fund,2025-02,Shoppers Stop Ltd.,Retailing,0.2
HDFC Mutual Fund,HDFC Multi Cap Fund — HDFC Multi Cap Fund,2025-02,VODAFONE IDEA LIMITED,Telecom - Services,0.2
HDFC Mutual Fund,HDFC Multi Cap Fund — HDFC Multi Cap Fund,2025-02,Dabur India Ltd.,Personal Products,0.19
HDFC Mutual Fund,HDFC Multi Cap Fund — HDFC Multi Cap Fund,2025-02,FUSION FINANCE LIMITED,Finance,0.19
HDFC Mutual Fund,HDFC Multi Cap Fund — LARGE-CAP FUND,2025-02,10.28 Eicher Motors Ltd.,Automobiles,0.88
HDFC Mutual Fund,HDFC Multi Cap Fund — LARGE-CAP FUND,2025-02,9.62 Havells India Ltd.,Consumer Durables,0.76
HDFC Mutual Fund,HDFC Multi Cap Fund — LARGE-CAP FUND,2025-02,5.66 Mahindra & Mahindra Ltd.,Automobiles,0.75
HDFC Mutual Fund,HDFC Multi Cap Fund — LARGE-CAP FUND,2025-02,4.12 DLF LIMITED,Realty,0.56
HDFC Mutual Fund,HDFC Multi Cap Fund — LARGE-CAP FUND,2025-02,Fuels 3.00 Maruti Suzuki India Limited,Automobiles,0.5
HDFC Mutual Fund,HDFC Multi Cap Fund — LARGE-CAP FUND,2025-02,2.84 Ltd.,Insurance,0.39
HDFC Mutual Fund,HDFC Multi Cap Fund — LARGE-CAP FUND,2025-02,2.76 Cummins India Ltd.,Industrial Products,0.18
HDFC Mutual Fund,HDFC Multi Cap Fund — LARGE-CAP FUND,2025-02,2.16 ITC Hotels Limited,Leisure Services,0.15
HDFC Mutual Fund,HDFC Multi Cap Fund — LARGE-CAP FUND,2025-02,& Bajaj Housing Finance Ltd.,Finance,0.09
HDFC Mutual Fund,HDFC Multi Cap Fund — Regular Plan,2025-02,Limited,Banks,4.12
HDFC Mutual Fund,HDFC Multi Cap Fund — Regular Plan,2025-02,Ltd.,Petroleum Products,4.05
HDFC Mutual Fund,HDFC Multi Cap Fund — Regular Plan,2025-02,Ltd. IT -,Software,2.76
HDFC Mutual Fund,HDFC Multi Cap Fund — Regular Plan,2025-02,Limited,Automobiles,1.12
HDFC Mutual Fund,HDFC Multi Cap Fund — Regular Plan,2025-02,Ltd.,Non - Ferrous Metals,1.07
HDFC Mutual Fund,HDFC Retirement Savings Fund - Hybrid Equity Plan — Regular Plan,2025-02,Limited,Banks,2.43
HDFC Mutual Fund,HDFC Retirement Savings Fund - Hybrid Equity Plan — Regular Plan,2025-02,Ltd. IT -,Software,1.17
HDFC Mutual Fund,HDFC Retirement Savings Fund - Hybrid Equity Plan — Regular Plan,2025-02,Ltd.,Auto Components,0.8
HDFC Mutual Fund,HDFC Retirement Savings Fund - Hybrid Equity Plan — Regular Plan,2025-02,Ltd.,Insurance,0.77
HDFC Mutual Fund,(Name changed from HDFC Children's Gift Fund) w.e.f 18th Nov 2024 CHILD EN’S FUND,2025-03,Ltd.,Construction,3.59
HDFC Mutual Fund,(Name changed from HDFC Children's Gift Fund) w.e.f 18th Nov 2024 CHILD EN’S FUND,2025-03,Ltd.,Petroleum Products,3.3
HDFC Mutual Fund,(Name changed from HDFC Children's Gift Fund) w.e.f 18th Nov 2024 CHILD EN’S FUND,2025-03,Ltd.,Electrical Equipment,1.82
HDFC Mutual Fund,(Name changed from HDFC Children's Gift Fund) w.e.f 18th Nov 2024 CHILD EN’S FUND,2025-03,Ltd.,Industrial Products,1.43
HDFC Mutual Fund,HDFC Arbitrage Fund — Direct Plan,2025-03,NHPC Ltd.,Power,0.06
HDFC Mutual Fund,HDFC Arbitrage Fund — Direct Plan,2025-03,Oracle Financial Ser Software Ltd. IT -,Software,0.06
HDFC Mutual Fund,HDFC Arbitrage Fund — Direct Plan,2025-03,Power Finance Corporation Ltd.,Finance,0.06
HDFC Mutual Fund,HDFC Arbitrage Fund — Direct Plan,2025-03,Bandhan Bank Ltd.,Banks,0.05
HDFC Mutual Fund,HDFC Arbitrage Fund — Direct Plan,2025-03,MRF Ltd.,Auto Components,0.05
HDFC Mutual Fund,HDFC Arbitrage Fund — Direct Plan,2025-03,Company Ltd.,Insurance,0.04
HDFC Mutual Fund,HDFC Arbitrage Fund — Direct Plan,2025-03,HFCL Ltd,Telecom - Services,0.04
HDFC Mutual Fund,HDFC Arbitrage Fund — Direct Plan,2025-03,IIFL Finance Limited,Finance,0.04
HDFC Mutual Fund,HDFC Arbitrage Fund — Direct Plan,2025-03,ACC Ltd.,Cement & Cement Products,0.03
HDFC Mutual Fund,HDFC Arbitrage Fund — Direct Plan,2025-03,Coforge Limited IT -,Software,0.03
HDFC Mutual Fund,HDFC Arbitrage Fund — Direct Plan,2025-03,Cummins India Ltd.,Industrial Products,0.03
HDFC Mutual Fund,HDFC Arbitrage Fund — Direct Plan,2025-03,Dabur India Ltd.,Personal Products,0.03
HDFC Mutual Fund,HDFC Arbitrage Fund — Direct Plan,2025-03,NBCC (India) Limited,Construction,0.03
HDFC Mutual Fund,HDFC Arbitrage Fund — Direct Plan,2025-03,NTPC Limited,Power,0.03
HDFC Mutual Fund,HDFC Arbitrage Fund — Direct Plan,2025-03,Petronet LNG Ltd.,Gas,0.03
HDFC Mutual Fund,HDFC Arbitrage Fund — Direct Plan,2025-03,Indian Oil Corporation Ltd.,Petroleum Products,0.02
HDFC Mutual Fund,HDFC Arbitrage Fund — Direct Plan,2025-03,Prestige Estates Projects Ltd.,Realty,0.02
HDFC Mutual Fund,HDFC Arbitrage Fund — Direct Plan,2025-03,Tube Investments of India Ltd.,Auto Components,0.02
HDFC Mutual Fund,HDFC Arbitrage Fund — Direct Plan,2025-03,Balkrishna Industries Ltd.,Auto Components,0.01
HDFC Mutual Fund,HDFC Arbitrage Fund — Direct Plan,2025-03,Dalmia Bharat Ltd.,Cement & Cement Products,0.01
HDFC Mutual Fund,HDFC Arbitrage Fund — Direct Plan,2025-03,Eicher Motors Ltd.,Automobiles,0.01
HDFC Mutual Fund,HDFC Arbitrage Fund — Direct Plan,2025-03,InterGlobe Aviation Ltd.,Transport Services,0.01
HDFC Mutual Fund,HDFC Arbitrage Fund — Direct Plan,2025-03,Life Insurance Corporation of India,Insurance,0.01
HDFC Mutual Fund,HDFC Arbitrage Fund — HDFC Arbitrage Fund,2025-03,• ICICI Bank Ltd.,Banks,6.27
HDFC Mutual Fund,HDFC Arbitrage Fund — HDFC Arbitrage Fund,2025-03,• Axis Bank Ltd.,Banks,4.81
HDFC Mutual Fund,HDFC Arbitrage Fund — HDFC Arbitrage Fund,2025-03,Ltd.£,Banks,3.23
HDFC Mutual Fund,HDFC Arbitrage Fund — HDFC Arbitrage Fund,2025-03,Mahindra Ltd.,Automobiles,1.67
HDFC Mutual Fund,HDFC Arbitrage Fund — HDFC Arbitrage Fund,2025-03,Ltd.,Automobiles,1.49
HDFC Mutual Fund,HDFC Arbitrage Fund — HDFC Arbitrage Fund,2025-03,Canara Bank,Banks,1.21
HDFC Mutual Fund,HDFC Arbitrage Fund — HDFC Arbitrage Fund,2025-03,Tata Steel Ltd.,Ferrous Metals,1.05
HDFC Mutual Fund,HDFC Arbitrage Fund — Wholesale Plan,2025-03,Ltd. IT -,Software,0.36
HDFC Mutual Fund,HDFC Arbitrage Fund — Wholesale Plan,2025-03,Ltd.,Finance,0.35
HDFC Mutual Fund,HDFC Arbitrage Fund — Wholesale Plan,2025-03,Power Ltd.,Ferrous Metals,0.33
HDFC Mutual Fund,HDFC Arbitrage Fund — Wholesale Plan,2025-03,Limited,Banks,0.3
HDFC Mutual Fund,HDFC Arbitrage Fund — Wholesale Plan,2025-03,Ltd.,Auto Components,0.29
HDFC Mutual Fund,HDFC Arbitrage Fund — Wholesale Plan,2025-03,REC Limited.,Finance,0.28
HDFC Mutual Fund,HDFC Arbitrage Fund — Wholesale Plan,2025-03,Finance Ltd.,Finance,0.27
HDFC Mutual Fund,HDFC Arbitrage Fund — Wholesale Plan,2025-03,Ltd.,Gas,0.25
HDFC Mutual Fund,HDFC Dividend Yield Fund,2025-03,FUSION FINANCE LIMITED,Finance,0.27
HDFC Mutual Fund,HDFC Dividend Yield Fund,2025-03,Bosch Limited,Auto Components,0.24
HDFC Mutual Fund,HDFC Dividend Yield Fund,2025-03,Stanley Lifestyles Limited,Consumer Durables,0.23
HDFC Mutual Fund,HDFC Dividend Yield Fund,2025-03,EPACK DURABLE LIMITED,Consumer Durables,0.22
HDFC Mutual Fund,HDFC Dividend Yield Fund,2025-03,Afcons Infrastructure Limited,Construction,0.21
HDFC Mutual Fund,HDFC Dividend Yield Fund,2025-03,Castrol India Ltd.,Petroleum Products,0.2
HDFC Mutual Fund,HDFC Dividend Yield Fund,2025-03,DAM Capital Advisors Limited,Capital Markets,0.19
HDFC Mutual Fund,HDFC Dividend Yield Fund,2025-03,Electronics Mart India Ltd,Retailing,0.17
HDFC Mutual Fund,HDFC Dividend Yield Fund,2025-03,Birlasoft Limited IT -,Software,0.16
HDFC Mutual Fund,HDFC Dividend Yield Fund,2025-03,Diffusion Engineers Limited,Industrial Products,0.16
HDFC Mutual Fund,HDFC Dividend Yield Fund,2025-03,Endurance Technologies Ltd.,Auto Components,0.15
HDFC Mutual Fund,HDFC Dividend Yield Fund,2025-03,Jio Financial Services Limited,Finance,0.15
HDFC Mutual Fund,HDFC Dividend Yield Fund,2025-03,KEC International Ltd.,Construction,0.14
HDFC Mutual Fund,HDFC Dividend Yield Fund,2025-03,Popular Vehicles and Services Limited,Automobiles,0.13
HDFC Mutual Fund,HDFC Dividend Yield Fund,2025-03,Inox India Limited,Industrial Products,0.12
HDFC Mutual Fund,HDFC Dividend Yield Fund,2025-03,Techno Electric & Engin. Co. Ltd.,Construction,0.12
HDFC Mutual Fund,HDFC Dividend Yield Fund,2025-03,UltraTech Cement Limited,Cement & Cement Products,0.12
HDFC Mutual Fund,HDFC Dividend Yield Fund,2025-03,Voltamp Transformers Ltd.,Electrical Equipment,0.12
HDFC Mutual Fund,HDFC Dividend Yield Fund,2025-03,Sai Silks (Kalamandir) Limited,Retailing,0.1
HDFC Mutual Fund,HDFC Dividend Yield Fund,2025-03,ITC Hotels Limited,Leisure Services,0.08
HDFC Mutual Fund,HDFC Dividend Yield Fund,2025-03,Timken India Ltd.,Industrial Products,0.08
HDFC Mutual Fund,HDFC Dividend Yield Fund,2025-03,Rishabh instruments Limited,Electrical Equipment,0.05
HDFC Mutual Fund,HDFC Large and Mid Cap Fund — HDFC Large and Mid Cap Fund,2025-03,Havells India Ltd.,Consumer Durables,0.28
HDFC Mutual Fund,HDFC Large and Mid Cap Fund — HDFC Large and Mid Cap Fund,2025-03,Medi Assist Healthcare Services Limited,Insurance,0.28
HDFC Mutual Fund,HDFC Large and Mid Cap Fund — HDFC Large and Mid Cap Fund,2025-03,CIE Automotive India Ltd,Auto Components,0.27
HDFC Mutual Fund,HDFC Large and Mid Cap Fund — HDFC Large and Mid Cap Fund,2025-03,Devyani International Ltd,Leisure Services,0.27
HDFC Mutual Fund,HDFC Large and Mid Cap Fund — HDFC Large and Mid Cap Fund,2025-03,Suzlon Energy Ltd,Electrical Equipment,0.27
HDFC Mutual Fund,HDFC Large and Mid Cap Fund — HDFC Large and Mid Cap Fund,2025-03,Blue Dart Express Ltd.,Transport Services,0.26
HDFC Mutual Fund,HDFC Large and Mid Cap Fund — HDFC Large and Mid Cap Fund,2025-03,Blue Star Ltd.,Consumer Durables,0.26
HDFC Mutual Fund,HDFC Large and Mid Cap Fund — HDFC Large and Mid Cap Fund,2025-03,Carborundum Universal Ltd.,Industrial Products,0.26
HDFC Mutual Fund,HDFC Large and Mid Cap Fund — HDFC Large and Mid Cap Fund,2025-03,Delhivery Limited,Transport Services,0.25
HDFC Mutual Fund,HDFC Large and Mid Cap Fund — HDFC Large and Mid Cap Fund,2025-03,LTIMindtree Limited IT -,Software,0.25
HDFC Mutual Fund,HDFC Large and Mid Cap Fund — HDFC Large and Mid Cap Fund,2025-03,AIA Engineering Ltd.,Industrial Products,0.24
HDFC Mutual Fund,HDFC Large and Mid Cap Fund — HDFC Large and Mid Cap Fund,2025-03,Supreme Industries Ltd.,Industrial Products,0.24
HDFC Mutual Fund,HDFC Large and Mid Cap Fund — HDFC Large and Mid Cap Fund,2025-03,JSW Energy Ltd.,Power,0.23
HDFC Mutual Fund,HDFC Large and Mid Cap Fund — HDFC Large and Mid Cap Fund,2025-03,Whirlpool of India Ltd.,Consumer Durables,0.23
HDFC Mutual Fund,HDFC Large and Mid Cap Fund — HDFC Large and Mid Cap Fund,2025-03,Cholamandalam Financial Holdings Ltd.,Finance,0.22
HDFC Mutual Fund,HDFC Large and Mid Cap Fund — HDFC Large and Mid Cap Fund,2025-03,Sona Blw Precision Forgings,Auto Components,0.22
HDFC Mutual Fund,HDFC Large and Mid Cap Fund — HDFC Large and Mid Cap Fund,2025-03,NLC India Ltd.,Power,0.2
HDFC Mutual Fund,HDFC Large and Mid Cap Fund — HDFC Large and Mid Cap Fund,2025-03,TEGA INDUSTRIES LIMITED,Industrial Manufacturing,0.2
HDFC Mutual Fund,HDFC Large and Mid Cap Fund — HDFC Large and Mid Cap Fund,2025-03,Titagarh Wagons Limited,Industrial Manufacturing,0.2
HDFC Mutual Fund,HDFC Large and Mid Cap Fund — HDFC Large and Mid Cap Fund,2025-03,Tube Investments of India Ltd.,Auto Components,0.2
HDFC Mutual Fund,HDFC Large and Mid Cap Fund — HDFC Large and Mid Cap Fund,2025-03,Bata India Ltd.,Consumer Durables,0.19
HDFC Mutual Fund,HDFC Large and Mid Cap Fund — HDFC Large and Mid Cap Fund,2025-03,Bombay Stock Exchange Limited (BSE),Capital Markets,0.19
HDFC Mutual Fund,HDFC Large and Mid Cap Fund — HDFC Large and Mid Cap Fund,2025-03,Fsn Ecommerce Ventures Limited (Nykaa),Retailing,0.18
HDFC Mutual Fund,HDFC Multi Cap Fund — HDFC Multi Cap Fund,2025-03,Office Parks REIT,Realty,0.51
HDFC Mutual Fund,HDFC Multi Cap Fund — HDFC Multi Cap Fund,2025-03,Supreme Industries Ltd.,Industrial Products,0.41
HDFC Mutual Fund,HDFC Multi Cap Fund — HDFC Multi Cap Fund,2025-03,Jindal Steel & Power Ltd.,Ferrous Metals,0.4
HDFC Mutual Fund,HDFC Multi Cap Fund — HDFC Multi Cap Fund,2025-03,Muthoot Finance Ltd.,Finance,0.4
HDFC Mutual Fund,HDFC Multi Cap Fund — HDFC Multi Cap Fund,2025-03,CREDITACCESS GRAMEEN LIMITED,Finance,0.39
HDFC Mutual Fund,HDFC Multi Cap Fund — HDFC Multi Cap Fund,2025-03,Crompton Greaves Consumer Elec. Ltd.,Consumer Durables,0.38
HDFC Mutual Fund,HDFC Multi Cap Fund — HDFC Multi Cap Fund,2025-03,Sonata Software Ltd. IT -,Software,0.38
HDFC Mutual Fund,HDFC Multi Cap Fund — HDFC Multi Cap Fund,2025-03,Prudent Corporate Advisory Services Limited,Capital Markets,0.37
HDFC Mutual Fund,HDFC Multi Cap Fund — HDFC Multi Cap Fund,2025-03,Wheels India Ltd.,Auto Components,0.37
HDFC Mutual Fund,HDFC Multi Cap Fund — HDFC Multi Cap Fund,2025-03,Bajaj Auto Limited,Automobiles,0.36
HDFC Mutual Fund,HDFC Multi Cap Fund — HDFC Multi Cap Fund,2025-03,Torrent Power Ltd.,Power,0.36
HDFC Mutual Fund,HDFC Multi Cap Fund — HDFC Multi Cap Fund,2025-03,CESC Ltd.,Power,0.35
HDFC Mutual Fund,HDFC Multi Cap Fund — HDFC Multi Cap Fund,2025-03,EIH Ltd.,Leisure Services,0.35
HDFC Mutual Fund,HDFC Multi Cap Fund — HDFC Multi Cap Fund,2025-03,Balkrishna Industries Ltd.,Auto Components,0.34
HDFC Mutual Fund,HDFC Multi Cap Fund — HDFC Multi Cap Fund,2025-03,Elecon Engineering Comapny Ltd.,Electrical Equipment,0.34
HDFC Mutual Fund,HDFC Multi Cap Fund — HDFC Multi Cap Fund,2025-03,Indraprastha Gas Ltd.,Gas,0.34
HDFC Mutual Fund,HDFC Multi Cap Fund — HDFC Multi Cap Fund,2025-03,Timken India Ltd.,Industrial Products,0.34
HDFC Mutual Fund,HDFC Multi Cap Fund — HDFC Multi Cap Fund,2025-03,Ola Electric Mobility Limited,Automobiles,0.33
HDFC Mutual Fund,HDFC Multi Cap Fund — HDFC Multi Cap Fund,2025-03,KAYNES TECHNOLOGY INDIA LIMITED,Industrial Manufacturing,0.32
HDFC Mutual Fund,HDFC Multi Cap Fund — HDFC Multi Cap Fund,2025-03,Le Travenues Technology Limited,Leisure Services,0.32
HDFC Mutual Fund,HDFC Multi Cap Fund — HDFC Multi Cap Fund,2025-03,RBL Bank Ltd.,Banks,0.32
HDFC Mutual Fund,HDFC Multi Cap Fund — HDFC Multi Cap Fund,2025-03,Aadhar Housing Finance Limited,Finance,0.3
HDFC Mutual Fund,HDFC Multi Cap Fund — HDFC Multi Cap Fund,2025-03,Aditya Birla Capital ltd.,Finance,0.3
HDFC Mutual Fund,HDFC Multi Cap Fund — HDFC Multi Cap Fund,2025-03,Bosch Limited,Auto Components,0.3
HDFC Mutual Fund,HDFC Multi Cap Fund — HDFC Multi Cap Fund,2025-03,Dilip Buildcon Ltd.,Construction,0.3
HDFC Mutual Fund,HDFC Multi Cap Fund — HDFC Multi Cap Fund,2025-03,Blue Star Ltd.,Consumer Durables,0.29
HDFC Mutual Fund,HDFC Multi Cap Fund — HDFC Multi Cap Fund,2025-03,Godrej Consumer Products Ltd.,Personal Products,0.29
HDFC Mutual Fund,HDFC Multi Cap Fund — HDFC Multi Cap Fund,2025-03,Birla Corporation Ltd.,Cement & Cement Products,0.28
HDFC Mutual Fund,HDFC Multi Cap Fund — HDFC Multi Cap Fund,2025-03,Automation Ltd,Auto Components,0.03
HDFC Mutual Fund,HDFC Multi Cap Fund — HDFC Multi Cap Fund,2025-03,Hotels Limited,Leisure Services,0.03
HDFC Mutual Fund,HDFC Multi Cap Fund — HDFC Multi Cap Fund,2025-03,Projects Limited,Electrical Equipment,0.03
HDFC Mutual Fund,HDFC Multi Cap Fund — HDFC Multi Cap Fund,2025-03,Technologies Ltd.,Auto Components,0.03
HDFC Mutual Fund,HDFC Multi Cap Fund — HDFC Multi Cap Fund,2025-03,Industries Ltd.,Consumer Durables,0.02
HDFC Mutual Fund,HDFC Multi Cap Fund — HDFC Multi Cap Fund,2025-03,Limited IT -,Software,0.02
HDFC Mutual Fund,HDFC Multi Cap Fund — HDFC Multi Cap Fund,2025-03,Investments of India Ltd.,Auto Components,0.01
HDFC Mutual Fund,HDFC Multi Cap Fund — HDFC Multi Cap Fund,2025-03,instruments Limited,Electrical Equipment,0.01
HDFC Mutual Fund,(Dedicated Fund • HDFC Bank Ltd.£ Banks 5.86 1.23 Phosphates Fertilizers &,2025-04,Power Ltd.,Ferrous Metals,0.32
HDFC Mutual Fund,(Dedicated Fund • HDFC Bank Ltd.£ Banks 5.86 1.23 Phosphates Fertilizers &,2025-04,0.74 0.00 Ltd.,Finance,0.31
HDFC Mutual Fund,(Dedicated Fund • HDFC Bank Ltd.£ Banks 5.86 1.23 Phosphates Fertilizers &,2025-04,Projects Ltd.,Realty,0.28
HDFC Mutual Fund,(Dedicated Fund • HDFC Bank Ltd.£ Banks 5.86 1.23 Phosphates Fertilizers &,2025-04,0.70 0.00 Ltd. IT -,Software,0.26
HDFC Mutual Fund,(Dedicated Fund • HDFC Bank Ltd.£ Banks 5.86 1.23 Phosphates Fertilizers &,2025-04,Company Ltd,Insurance,0.23
HDFC Mutual Fund,(Dedicated Fund • HDFC Bank Ltd.£ Banks 5.86 1.23 Phosphates Fertilizers &,2025-04,Limited,Construction,0.22
HDFC Mutual Fund,HDFC Large and Mid Cap Fund — HDFC Large and Mid Cap Fund,2025-04,Embassy Office Parks REIT,Realty,0.36
HDFC Mutual Fund,HDFC Large and Mid Cap Fund — HDFC Large and Mid Cap Fund,2025-04,Titan Company Ltd.,Consumer Durables,0.02
HDFC Mutual Fund,HDFC Large and Mid Cap Fund — HDFC Large and Mid Cap Fund,2025-04,ICICI Lombard General Insurance Co,Insurance,0.01
HDFC Mutual Fund,HDFC Large and Mid Cap Fund — HDFC Large and Mid Cap Fund,2025-04,LATENT VIEW ANALYTICS LIMITED IT -,Software,0.01
HDFC Mutual Fund,HDFC Large and Mid Cap Fund — HDFC Large and Mid Cap Fund,2025-04,TCI Express Ltd.,Transport Services,0.01
HDFC Mutual Fund,HDFC Multi Cap Fund — HDFC Multi Cap Fund,2025-04,Embassy Office Parks REIT,Realty,0.51
HDFC Mutual Fund,HDFC Multi Cap Fund — HDFC Multi Cap Fund,2025-04,Bajaj Auto Limited,Automobiles,0.35
HDFC Mutual Fund,HDFC Multi Cap Fund — HDFC Multi Cap Fund,2025-04,Balkrishna Industries Ltd.,Auto Components,0.35
HDFC Mutual Fund,HDFC Multi Cap Fund — HDFC Multi Cap Fund,2025-04,CESC Ltd.,Power,0.35
HDFC Mutual Fund,HDFC Multi Cap Fund — HDFC Multi Cap Fund,2025-04,Crompton Greaves Consumer Elec. Ltd.,Consumer Durables,0.35
HDFC Mutual Fund,HDFC Multi Cap Fund — HDFC Multi Cap Fund,2025-04,EIH Ltd.,Leisure Services,0.35
HDFC Mutual Fund,HDFC Multi Cap Fund — HDFC Multi Cap Fund,2025-04,Muthoot Finance Ltd.,Finance,0.35
HDFC Mutual Fund,HDFC Multi Cap Fund — HDFC Multi Cap Fund,2025-04,RBL Bank Ltd.,Banks,0.35
HDFC Mutual Fund,HDFC Multi Cap Fund — HDFC Multi Cap Fund,2025-04,Torrent Power Ltd.,Power,0.35
HDFC Mutual Fund,HDFC Multi Cap Fund — HDFC Multi Cap Fund,2025-04,Prudent Corporate Advisory Services Limited,Capital Markets,0.33
HDFC Mutual Fund,HDFC Multi Cap Fund — HDFC Multi Cap Fund,2025-04,Aadhar Housing Finance Limited,Finance,0.32
HDFC Mutual Fund,HDFC Multi Cap Fund — HDFC Multi Cap Fund,2025-04,Le Travenues Technology Limited,Leisure Services,0.32
HDFC Mutual Fund,HDFC Multi Cap Fund — HDFC Multi Cap Fund,2025-04,Aditya Birla Capital ltd.,Finance,0.31
HDFC Mutual Fund,HDFC Multi Cap Fund — HDFC Multi Cap Fund,2025-04,Bosch Limited,Auto Components,0.3
HDFC Mutual Fund,HDFC Multi Cap Fund — HDFC Multi Cap Fund,2025-04,Godrej Consumer Products Ltd.,Personal Products,0.3
HDFC Mutual Fund,HDFC Multi Cap Fund — HDFC Multi Cap Fund,2025-04,Ola Electric Mobility Limited,Automobiles,0.29
HDFC Mutual Fund,HDFC Multi Cap Fund — HDFC Multi Cap Fund,2025-04,Timken India Ltd.,Industrial Products,0.29
HDFC Mutual Fund,HDFC Multi Cap Fund — HDFC Multi Cap Fund,2025-04,Agency Limited,Finance,0.27
HDFC Mutual Fund,HDFC Multi Cap Fund — HDFC Multi Cap Fund,2025-04,Birla Corporation Ltd.,Cement & Cement Products,0.27
HDFC Mutual Fund,HDFC Multi Cap Fund — HDFC Multi Cap Fund,2025-04,Tech Mahindra Ltd. IT -,Software,0.27
HDFC Mutual Fund,HDFC Multi Cap Fund — HDFC Multi Cap Fund,2025-04,Whirlpool of India Ltd.,Consumer Durables,0.27
HDFC Mutual Fund,HDFC Multi Cap Fund — HDFC Multi Cap Fund,2025-04,Delta Corp Ltd.,Leisure Services,0.26
HDFC Mutual Fund,HDFC Multi Cap Fund — HDFC Multi Cap Fund,2025-04,Sundram Fasteners Ltd.,Auto Components,0.07
HDFC Mutual Fund,HDFC Multi Cap Fund — HDFC Multi Cap Fund,2025-04,Aditya Birla Fashion and Retail Ltd.,Retailing,0.06
HDFC Mutual Fund,HDFC Multi Cap Fund — HDFC Multi Cap Fund,2025-04,GO FASHION (INDIA) LIMITED,Retailing,0.06
HDFC Mutual Fund,HDFC Multi Cap Fund — HDFC Multi Cap Fund,2025-04,KEI Industries Ltd.,Industrial Products,0.05
HDFC Mutual Fund,HDFC Multi Cap Fund — HDFC Multi Cap Fund,2025-04,TCI Express Ltd.,Transport Services,0.05
HDFC Mutual Fund,HDFC Multi Cap Fund — HDFC Multi Cap Fund,2025-04,Cello World Limited,Consumer Durables,0.04
HDFC Mutual Fund,HDFC Multi Cap Fund — HDFC Multi Cap Fund,2025-04,Bajel Projects Limited,Electrical Equipment,0.03
HDFC Mutual Fund,HDFC Multi Cap Fund — HDFC Multi Cap Fund,2025-04,Craftsman Automation Ltd,Auto Components,0.03
HDFC Mutual Fund,HDFC Multi Cap Fund — HDFC Multi Cap Fund,2025-04,Endurance Technologies Ltd.,Auto Components,0.03
HDFC Mutual Fund,HDFC Multi Cap Fund — HDFC Multi Cap Fund,2025-04,ITC Hotels Limited,Leisure Services,0.03
HDFC Mutual Fund,HDFC Multi Cap Fund — HDFC Multi Cap Fund,2025-04,VIP Industries Ltd.,Consumer Durables,0.02
HDFC Mutual Fund,HDFC Multi Cap Fund — HDFC Multi Cap Fund,2025-04,Rishabh instruments Limited,Electrical Equipment,0.01
HDFC Mutual Fund,HDFC Multi Cap Fund — HDFC Multi Cap Fund,2025-04,Tube Investments of India Ltd.,Auto Components,0.01
HDFC Mutual Fund,HDFC Balanced Advantage Fund — HDFC Balanced Advantage Fund,2025-05,Power Co. Ltd.,Power,0.12
HDFC Mutual Fund,HDFC Balanced Advantage Fund — HDFC Balanced Advantage Fund,2025-05,o w e r . Ltd.,Retailing,0.11
HDFC Mutual Fund,HDFC Balanced Advantage Fund — HDFC Balanced Advantage Fund,2025-05,e a lty . Finance Limited,Finance,0.1
HDFC Mutual Fund,HDFC Balanced Advantage Fund — HDFC Balanced Advantage Fund,2025-05,AMC Limited,Capital Markets,0.09
HDFC Mutual Fund,HDFC Balanced Advantage Fund — HDFC Balanced Advantage Fund,2025-05,Company India Ltd,Finance,0.08
HDFC Mutual Fund,HDFC Dividend Yield Fund,2025-05,Office Parks REIT,Realty,0.6
HDFC Mutual Fund,HDFC Dividend Yield Fund,2025-05,Stanley Lifestyles Limited,Consumer Durables,0.21
HDFC Mutual Fund,HDFC Dividend Yield Fund,2025-05,Castrol India Ltd.,Petroleum Products,0.2
HDFC Mutual Fund,HDFC Dividend Yield Fund,2025-05,DAM Capital Advisors Limited,Capital Markets,0.2
HDFC Mutual Fund,HDFC Dividend Yield Fund,2025-05,EPACK DURABLE LIMITED,Consumer Durables,0.2
HDFC Mutual Fund,HDFC Dividend Yield Fund,2025-05,Afcons Infrastructure Limited,Construction,0.17
HDFC Mutual Fund,HDFC Dividend Yield Fund,2025-05,Endurance Technologies Ltd.,Auto Components,0.17
HDFC Mutual Fund,HDFC Dividend Yield Fund,2025-05,Birlasoft Limited IT -,Software,0.16
HDFC Mutual Fund,HDFC Dividend Yield Fund,2025-05,Electronics Mart India Ltd,Retailing,0.16
HDFC Mutual Fund,HDFC Dividend Yield Fund,2025-05,Popular Vehicles and Services Limited,Automobiles,0.16
HDFC Mutual Fund,HDFC Dividend Yield Fund,2025-05,STL NETWORKS LIMITED,Telecom - Services,0.16
HDFC Mutual Fund,HDFC Dividend Yield Fund,2025-05,Techno Electric & Engin. Co. Ltd.,Construction,0.16
HDFC Mutual Fund,HDFC Dividend Yield Fund,2025-05,Diffusion Engineers Limited,Industrial Products,0.15
HDFC Mutual Fund,HDFC Dividend Yield Fund,2025-05,Inox India Limited,Industrial Products,0.14
HDFC Mutual Fund,HDFC Dividend Yield Fund,2025-05,KEC International Ltd.,Construction,0.14
HDFC Mutual Fund,HDFC Dividend Yield Fund,2025-05,Voltamp Transformers Ltd.,Electrical Equipment,0.13
HDFC Mutual Fund,HDFC Dividend Yield Fund,2025-05,Digitide Solutions Limited IT -,Software,0.12
HDFC Mutual Fund,HDFC Dividend Yield Fund,2025-05,UltraTech Cement Limited,Cement & Cement Products,0.11
HDFC Mutual Fund,HDFC Dividend Yield Fund,2025-05,Sai Silks (Kalamandir) Limited,Retailing,0.09
HDFC Mutual Fund,HDFC Dividend Yield Fund,2025-05,ITC Hotels Limited,Leisure Services,0.08
HDFC Mutual Fund,HDFC Dividend Yield Fund,2025-05,Timken India Ltd.,Industrial Products,0.08
HDFC Mutual Fund,HDFC Dividend Yield Fund,2025-05,Rishabh instruments Limited,Electrical Equipment,0.07
HDFC Mutual Fund,HDFC Dividend Yield Fund,2025-05,Software Ltd. IT -,Software,0.05
HDFC Mutual Fund,HDFC Dividend Yield Fund,2025-05,India Ltd.,Power,0.04
HDFC Mutual Fund,HDFC Dividend Yield Fund,2025-05,VIEW ANALYTICS LIMITED IT -,Software,0.03
HDFC Mutual Fund,HDFC Dividend Yield Fund — Direct Plan,2025-05,2.53 Nexus Select Trust REIT,Realty,2.07
HDFC Mutual Fund,HDFC Dividend Yield Fund — Direct Plan,2025-05,Limited,Leisure Services,0.83
HDFC Mutual Fund,HDFC Dividend Yield Fund — Direct Plan,2025-05,Sundram Fasteners Ltd.,Auto Components,0.83
HDFC Mutual Fund,HDFC Dividend Yield Fund — Direct Plan,2025-05,2.42 Embassy Office Parks REIT,Realty,0.74
HDFC Mutual Fund,HDFC Dividend Yield Fund — Direct Plan,2025-05,Birlasoft Limited IT -,Software,0.07
HDFC Mutual Fund,HDFC Dividend Yield Fund — Regular Plan,2025-05,Ltd.,Transport Services,1.88
HDFC Mutual Fund,HDFC Dividend Yield Fund — Regular Plan,2025-05,Ltd.,Auto Components,1.12
HDFC Mutual Fund,HDFC Dividend Yield Fund — Regular Plan,2025-05,Ltd.,Realty,1.11
HDFC Mutual Fund,HDFC Dividend Yield Fund — Regular Plan,2025-05,Ltd.,Construction,1.05
HDFC Mutual Fund,HDFC Large and Mid Cap Fund — HDFC Large and Mid Cap Fund,2025-05,Embassy Office Parks REIT,Realty,0.35
HDFC Mutual Fund,HDFC Large and Mid Cap Fund — HDFC Large and Mid Cap Fund,2025-05,Voltas Ltd.,Consumer Durables,0.3
HDFC Mutual Fund,HDFC Large and Mid Cap Fund — HDFC Large and Mid Cap Fund,2025-05,CIE Automotive India Ltd,Auto Components,0.28
HDFC Mutual Fund,HDFC Large and Mid Cap Fund — HDFC Large and Mid Cap Fund,2025-05,Devyani International Ltd,Leisure Services,0.28
HDFC Mutual Fund,HDFC Large and Mid Cap Fund — HDFC Large and Mid Cap Fund,2025-05,Medi Assist Healthcare Services Limited,Insurance,0.28
HDFC Mutual Fund,HDFC Large and Mid Cap Fund — HDFC Large and Mid Cap Fund,2025-05,ACC Ltd.,Cement & Cement Products,0.27
HDFC Mutual Fund,HDFC Large and Mid Cap Fund — HDFC Large and Mid Cap Fund,2025-05,Fsn Ecommerce Ventures Limited (Nykaa),Retailing,0.27
HDFC Mutual Fund,HDFC Large and Mid Cap Fund — HDFC Large and Mid Cap Fund,2025-05,Blue Dart Express Ltd.,Transport Services,0.26
HDFC Mutual Fund,HDFC Large and Mid Cap Fund — HDFC Large and Mid Cap Fund,2025-05,Supreme Industries Ltd.,Industrial Products,0.26
HDFC Mutual Fund,HDFC Large and Mid Cap Fund — HDFC Large and Mid Cap Fund,2025-05,Whirlpool of India Ltd.,Consumer Durables,0.26
HDFC Mutual Fund,HDFC Large and Mid Cap Fund — HDFC Large and Mid Cap Fund,2025-05,Havells India Ltd.,Consumer Durables,0.25
HDFC Mutual Fund,HDFC Large and Mid Cap Fund — HDFC Large and Mid Cap Fund,2025-05,LTIMindtree Limited IT -,Software,0.25
HDFC Mutual Fund,HDFC Large and Mid Cap Fund — HDFC Large and Mid Cap Fund,2025-05,Sona Blw Precision Forgings,Auto Components,0.24
HDFC Mutual Fund,HDFC Large and Mid Cap Fund — HDFC Large and Mid Cap Fund,2025-05,AIA Engineering Ltd.,Industrial Products,0.23
HDFC Mutual Fund,HDFC Large and Mid Cap Fund — HDFC Large and Mid Cap Fund,2025-05,Carborundum Universal Ltd.,Industrial Products,0.23
HDFC Mutual Fund,HDFC Large and Mid Cap Fund — HDFC Large and Mid Cap Fund,2025-05,Cholamandalam Financial Holdings Ltd.,Finance,0.22
HDFC Mutual Fund,HDFC Large and Mid Cap Fund — HDFC Large and Mid Cap Fund,2025-05,TEGA INDUSTRIES LIMITED,Industrial Manufacturing,0.2
HDFC Mutual Fund,HDFC Large and Mid Cap Fund — HDFC Large and Mid Cap Fund,2025-05,Titagarh Wagons Limited,Industrial Manufacturing,0.2
HDFC Mutual Fund,HDFC Large and Mid Cap Fund — HDFC Large and Mid Cap Fund,2025-05,Tube Investments of India Ltd.,Auto Components,0.2
HDFC Mutual Fund,HDFC Large and Mid Cap Fund — HDFC Large and Mid Cap Fund,2025-05,Bata India Ltd.,Consumer Durables,0.19
HDFC Mutual Fund,HDFC Large and Mid Cap Fund — HDFC Large and Mid Cap Fund,2025-05,JSW Energy Ltd.,Power,0.19
HDFC Mutual Fund,HDFC Large and Mid Cap Fund — HDFC Large and Mid Cap Fund,2025-05,NLC India Ltd.,Power,0.19
HDFC Mutual Fund,HDFC Large and Mid Cap Fund — HDFC Large and Mid Cap Fund,2025-05,Union Bank of India,Banks,0.19
HDFC Mutual Fund,HDFC Large and Mid Cap Fund — HDFC Large and Mid Cap Fund,2025-05,Bank of India,Banks,0.18
HDFC Mutual Fund,HDFC Large and Mid Cap Fund — HDFC Large and Mid Cap Fund,2025-05,Godrej Consumer Products Ltd.,Personal Products,0.01
HDFC Mutual Fund,HDFC Large and Mid Cap Fund — HDFC Large and Mid Cap Fund,2025-05,ICICI Lombard General Insurance Co,Insurance,0.01
HDFC Mutual Fund,HDFC Large and Mid Cap Fund — HDFC Large and Mid Cap Fund,2025-05,LATENT VIEW ANALYTICS LIMITED IT -,Software,0.01
HDFC Mutual Fund,HDFC Large and Mid Cap Fund — HDFC Large and Mid Cap Fund,2025-05,TCI Express Ltd.,Transport Services,0.01
HDFC Mutual Fund,HDFC Multi Cap Fund — HDFC Multi Cap Fund,2025-05,Embassy Office Parks REIT,Realty,0.48
HDFC Mutual Fund,HDFC Multi Cap Fund — HDFC Multi Cap Fund,2025-05,Le Travenues Technology Limited,Leisure Services,0.36
HDFC Mutual Fund,HDFC Multi Cap Fund — HDFC Multi Cap Fund,2025-05,RBL Bank Ltd.,Banks,0.35
HDFC Mutual Fund,HDFC Multi Cap Fund — HDFC Multi Cap Fund,2025-05,Timken India Ltd.,Industrial Products,0.35
HDFC Mutual Fund,HDFC Multi Cap Fund — HDFC Multi Cap Fund,2025-05,CESC Ltd.,Power,0.34
HDFC Mutual Fund,HDFC Multi Cap Fund — HDFC Multi Cap Fund,2025-05,Crompton Greaves Consumer Elec. Ltd.,Consumer Durables,0.34
HDFC Mutual Fund,HDFC Multi Cap Fund — HDFC Multi Cap Fund,2025-05,Muthoot Finance Ltd.,Finance,0.34
HDFC Mutual Fund,HDFC Multi Cap Fund — HDFC Multi Cap Fund,2025-05,Aditya Birla Capital ltd.,Finance,0.33
HDFC Mutual Fund,HDFC Multi Cap Fund — HDFC Multi Cap Fund,2025-05,Birla Corporation Ltd.,Cement & Cement Products,0.33
HDFC Mutual Fund,HDFC Multi Cap Fund — HDFC Multi Cap Fund,2025-05,EIH Ltd.,Leisure Services,0.33
HDFC Mutual Fund,HDFC Multi Cap Fund — HDFC Multi Cap Fund,2025-05,Havells India Ltd.,Consumer Durables,0.32
HDFC Mutual Fund,HDFC Multi Cap Fund — HDFC Multi Cap Fund,2025-05,Indraprastha Gas Ltd.,Gas,0.31
HDFC Mutual Fund,HDFC Multi Cap Fund — HDFC Multi Cap Fund,2025-05,Balkrishna Industries Ltd.,Auto Components,0.3
HDFC Mutual Fund,HDFC Multi Cap Fund — HDFC Multi Cap Fund,2025-05,Bosch Limited,Auto Components,0.3
HDFC Mutual Fund,HDFC Multi Cap Fund — HDFC Multi Cap Fund,2025-05,Schloss Bangalore Limited,Leisure Services,0.3
HDFC Mutual Fund,HDFC Multi Cap Fund — HDFC Multi Cap Fund,2025-05,Torrent Power Ltd.,Power,0.3
HDFC Mutual Fund,HDFC Multi Cap Fund — HDFC Multi Cap Fund,2025-05,Aadhar Housing Finance Limited,Finance,0.29
HDFC Mutual Fund,HDFC Multi Cap Fund — HDFC Multi Cap Fund,2025-05,Birlasoft Limited IT -,Software,0.29
HDFC Mutual Fund,HDFC Multi Cap Fund — HDFC Multi Cap Fund,2025-05,Ola Electric Mobility Limited,Automobiles,0.29
HDFC Mutual Fund,HDFC Multi Cap Fund — HDFC Multi Cap Fund,2025-05,Dilip Buildcon Ltd.,Construction,0.28
HDFC Mutual Fund,HDFC Multi Cap Fund — HDFC Multi Cap Fund,2025-05,Godrej Consumer Products Ltd.,Personal Products,0.28
HDFC Mutual Fund,HDFC Multi Cap Fund — HDFC Multi Cap Fund,2025-05,Agency Limited,Finance,0.27
HDFC Mutual Fund,HDFC Multi Cap Fund — HDFC Multi Cap Fund,2025-05,Sundram Fasteners Ltd.,Auto Components,0.07
HDFC Mutual Fund,HDFC Multi Cap Fund — HDFC Multi Cap Fund,2025-05,TCI Express Ltd.,Transport Services,0.06
HDFC Mutual Fund,HDFC Multi Cap Fund — HDFC Multi Cap Fund,2025-05,KEI Industries Ltd.,Industrial Products,0.05
HDFC Mutual Fund,HDFC Multi Cap Fund — HDFC Multi Cap Fund,2025-05,Cello World Limited,Consumer Durables,0.04
HDFC Mutual Fund,HDFC Multi Cap Fund — HDFC Multi Cap Fund,2025-05,LIMITED,Retailing,0.04
HDFC Mutual Fund,HDFC Multi Cap Fund — HDFC Multi Cap Fund,2025-05,Bajel Projects Limited,Electrical Equipment,0.03
HDFC Mutual Fund,HDFC Multi Cap Fund — HDFC Multi Cap Fund,2025-05,Craftsman Automation Ltd,Auto Components,0.03
HDFC Mutual Fund,HDFC Multi Cap Fund — HDFC Multi Cap Fund,2025-05,Endurance Technologies Ltd.,Auto Components,0.03
HDFC Mutual Fund,HDFC Multi Cap Fund — HDFC Multi Cap Fund,2025-05,ITC Hotels Limited,Leisure Services,0.03
HDFC Mutual Fund,HDFC Multi Cap Fund — HDFC Multi Cap Fund,2025-05,Aditya Birla Fashion and Retail Ltd.,Retailing,0.02
HDFC Mutual Fund,HDFC Multi Cap Fund — HDFC Multi Cap Fund,2025-05,VIP Industries Ltd.,Consumer Durables,0.02
HDFC Mutual Fund,HDFC Multi Cap Fund — HDFC Multi Cap Fund,2025-05,Rishabh instruments Limited,Electrical Equipment,0.01
HDFC Mutual Fund,HDFC Multi Cap Fund — HDFC Multi Cap Fund,2025-05,Tube Investments of India Ltd.,Auto Components,0.01
HDFC Mutual Fund,"(Name changed from HDFC Focused 30 Fund w.e.f. June 27, 2025) An open ended equity scheme CATEGORY OF SCHEME — Direct Plan",2025-06,Limited,Automobiles,3.71
HDFC Mutual Fund,"(Name changed from HDFC Focused 30 Fund w.e.f. June 27, 2025) An open ended equity scheme CATEGORY OF SCHEME — Direct Plan",2025-06,Ltd.,Transport Services,2.04
HDFC Mutual Fund,"(Name changed from HDFC Focused 30 Fund w.e.f. June 27, 2025) An open ended equity scheme CATEGORY OF SCHEME — Direct Plan",2025-06,Limited,Realty,1.8
HDFC Mutual Fund,"(Name changed from HDFC Focused 30 Fund w.e.f. June 27, 2025) An open ended equity scheme CATEGORY OF SCHEME — Direct Plan",2025-06,Ltd.,Auto Components,1.64
HDFC Mutual Fund,"(Name changed from HDFC Focused 30 Fund w.e.f. June 27, 2025) An open ended equity scheme CATEGORY OF SCHEME — Direct Plan",2025-06,Ltd,Auto Components,1.51
HDFC Mutual Fund,"(Name changed from HDFC Focused 30 Fund w.e.f. June 27, 2025) An open ended equity scheme CATEGORY OF SCHEME — Direct Plan",2025-06,Limited,Leisure Services,1.16
HDFC Mutual Fund,"(Name changed from HDFC Focused 30 Fund w.e.f. June 27, 2025) An open ended equity scheme CATEGORY OF SCHEME — Regular Plan",2025-06,2.89 Nexus Select Trust REIT,Realty,2.01
HDFC Mutual Fund,"(Name changed from HDFC Focused 30 Fund w.e.f. June 27, 2025) An open ended equity scheme CATEGORY OF SCHEME — Regular Plan",2025-06,Havells India Ltd.,Consumer Durables,0.84
HDFC Mutual Fund,"(Name changed from HDFC Focused 30 Fund w.e.f. June 27, 2025) An open ended equity scheme CATEGORY OF SCHEME — Regular Plan",2025-06,Limited,Leisure Services,0.79
HDFC Mutual Fund,"(Name changed from HDFC Focused 30 Fund w.e.f. June 27, 2025) An open ended equity scheme CATEGORY OF SCHEME — Regular Plan",2025-06,& Embassy Office Parks REIT,Realty,0.71
HDFC Mutual Fund,HDFC Arbitrage Fund — HDFC Arbitrage Fund,2025-06,Coforge Limited IT -,Software,0.18
HDFC Mutual Fund,HDFC Arbitrage Fund — HDFC Arbitrage Fund,2025-06,Tourism Corp Ltd,Leisure Services,0.18
HDFC Mutual Fund,HDFC Arbitrage Fund — HDFC Arbitrage Fund,2025-06,Britannia Industries Ltd.,Food Products,0.17
HDFC Mutual Fund,HDFC Arbitrage Fund — HDFC Arbitrage Fund,2025-06,Trent Ltd.,Retailing,0.17
HDFC Mutual Fund,HDFC Arbitrage Fund — HDFC Arbitrage Fund,2025-06,Bharat Heavy Electricals Ltd.,Electrical Equipment,0.16
HDFC Mutual Fund,HDFC Arbitrage Fund — HDFC Arbitrage Fund,2025-06,GAIL (India) Ltd.,Gas,0.16
HDFC Mutual Fund,HDFC Arbitrage Fund — HDFC Arbitrage Fund,2025-06,Godrej Consumer Products Ltd.,Personal Products,0.16
HDFC Mutual Fund,HDFC Arbitrage Fund — HDFC Arbitrage Fund,2025-06,Limited,Agricultural Food & Other Products,0.16
HDFC Mutual Fund,HDFC Arbitrage Fund — HDFC Arbitrage Fund,2025-06,NBCC (India) Limited,Construction,0.16
HDFC Mutual Fund,HDFC Arbitrage Fund — HDFC Arbitrage Fund,2025-06,Voltas Ltd.,Consumer Durables,0.16
HDFC Mutual Fund,HDFC Arbitrage Fund — HDFC Arbitrage Fund,2025-06,HFCL Ltd,Telecom - Services,0.15
HDFC Mutual Fund,HDFC Arbitrage Fund — HDFC Arbitrage Fund,2025-06,Patanjali Foods Limited,Agricultural Food & Other Products,0.15
HDFC Mutual Fund,HDFC Arbitrage Fund — HDFC Arbitrage Fund,2025-06,Aditya Birla Capital ltd.,Finance,0.14
HDFC Mutual Fund,HDFC Arbitrage Fund — HDFC Arbitrage Fund,2025-06,Bank of India,Banks,0.14
HDFC Mutual Fund,HDFC Arbitrage Fund — HDFC Arbitrage Fund,2025-06,Indian Energy Exchange Limited,Capital Markets,0.14
HDFC Mutual Fund,HDFC Arbitrage Fund — HDFC Arbitrage Fund,2025-06,Indian Oil Corporation Ltd.,Petroleum Products,0.13
HDFC Mutual Fund,HDFC Arbitrage Fund — HDFC Arbitrage Fund,2025-06,Persistent Systems Limited IT -,Software,0.13
HDFC Mutual Fund,HDFC Arbitrage Fund — HDFC Arbitrage Fund,2025-06,Polycab India Limited,Industrial Products,0.13
HDFC Mutual Fund,HDFC Arbitrage Fund — HDFC Arbitrage Fund,2025-06,HINDUSTAN COPPER LIMITED,Non - Ferrous Metals,0.12
HDFC Mutual Fund,HDFC Dividend Yield Fund,2025-06,Stanley Lifestyles Limited,Consumer Durables,0.21
HDFC Mutual Fund,HDFC Dividend Yield Fund,2025-06,Jio Financial Services Limited,Finance,0.2
HDFC Mutual Fund,HDFC Dividend Yield Fund,2025-06,Company Ltd,Insurance,0.19
HDFC Mutual Fund,HDFC Dividend Yield Fund,2025-06,Electronics Mart India Ltd,Retailing,0.19
HDFC Mutual Fund,HDFC Dividend Yield Fund,2025-06,Endurance Technologies Ltd.,Auto Components,0.19
HDFC Mutual Fund,HDFC Dividend Yield Fund,2025-06,EPACK DURABLE LIMITED,Consumer Durables,0.18
HDFC Mutual Fund,HDFC Dividend Yield Fund,2025-06,Techno Electric & Engin. Co. Ltd.,Construction,0.18
HDFC Mutual Fund,HDFC Dividend Yield Fund,2025-06,Birlasoft Limited IT -,Software,0.16
HDFC Mutual Fund,HDFC Dividend Yield Fund,2025-06,Popular Vehicles and Services Limited,Automobiles,0.16
HDFC Mutual Fund,HDFC Dividend Yield Fund,2025-06,STL NETWORKS LIMITED,Telecom - Services,0.16
HDFC Mutual Fund,HDFC Dividend Yield Fund,2025-06,KEC International Ltd.,Construction,0.15
HDFC Mutual Fund,HDFC Housing Opportunities Fund,2025-06,Ltd.,Construction,5.38
HDFC Mutual Fund,HDFC Housing Opportunities Fund,2025-06,Ltd.,Transport Services,3.46
HDFC Mutual Fund,HDFC Housing Opportunities Fund,2025-06,Ltd.,Petroleum Products,2.9
HDFC Mutual Fund,HDFC Housing Opportunities Fund,2025-06,Ltd.,Electrical Equipment,1.73
HDFC Mutual Fund,HDFC Housing Opportunities Fund — HDFC Housing Opportunities Fund,2025-06,Ltd.,Realty,5.48
HDFC Mutual Fund,HDFC Housing Opportunities Fund — HDFC Housing Opportunities Fund,2025-06,Ltd,Retailing,2.22
HDFC Mutual Fund,HDFC Housing Opportunities Fund — HDFC Housing Opportunities Fund,2025-06,Ltd.,Finance,1.75
HDFC Mutual Fund,HDFC Housing Opportunities Fund — HDFC Housing Opportunities Fund,2025-06,Limited,Realty,1.71
HDFC Mutual Fund,HDFC Large and Mid Cap Fund — HDFC Large and Mid Cap Fund,2025-06,Embassy Office Parks REIT,Realty,0.34
HDFC Mutual Fund,HDFC Large and Mid Cap Fund — HDFC Large and Mid Cap Fund,2025-06,LIMITED,Finance,0.34
HDFC Mutual Fund,HDFC Large and Mid Cap Fund — HDFC Large and Mid Cap Fund,2025-06,Avenue Supermarts Ltd.,Retailing,0.33
HDFC Mutual Fund,HDFC Large and Mid Cap Fund — HDFC Large and Mid Cap Fund,2025-06,Delhivery Limited,Transport Services,0.33
HDFC Mutual Fund,HDFC Large and Mid Cap Fund — HDFC Large and Mid Cap Fund,2025-06,Emami Ltd.,Personal Products,0.33
HDFC Mutual Fund,HDFC Large and Mid Cap Fund — HDFC Large and Mid Cap Fund,2025-06,GAIL (India) Ltd.,Gas,0.33
HDFC Mutual Fund,HDFC Large and Mid Cap Fund — HDFC Large and Mid Cap Fund,2025-06,Creditaccess Grameen Limited,Finance,0.32
HDFC Mutual Fund,HDFC Large and Mid Cap Fund — HDFC Large and Mid Cap Fund,2025-06,NHPC Ltd.,Power,0.32
HDFC Mutual Fund,HDFC Large and Mid Cap Fund — HDFC Large and Mid Cap Fund,2025-06,UltraTech Cement Limited,Cement & Cement Products,0.32
HDFC Mutual Fund,HDFC Large and Mid Cap Fund — HDFC Large and Mid Cap Fund,2025-06,REC Limited.,Finance,0.3
HDFC Mutual Fund,HDFC Large and Mid Cap Fund — HDFC Large and Mid Cap Fund,2025-06,Medi Assist Healthcare Services Limited,Insurance,0.29
HDFC Mutual Fund,HDFC Large and Mid Cap Fund — HDFC Large and Mid Cap Fund,2025-06,Suzlon Energy Ltd,Electrical Equipment,0.29
HDFC Mutual Fund,HDFC Large and Mid Cap Fund — HDFC Large and Mid Cap Fund,2025-06,The Phoenix Mills Limited,Realty,0.29
HDFC Mutual Fund,HDFC Large and Mid Cap Fund — HDFC Large and Mid Cap Fund,2025-06,Voltas Ltd.,Consumer Durables,0.29
HDFC Mutual Fund,HDFC Large and Mid Cap Fund — HDFC Large and Mid Cap Fund,2025-06,Avalon Technologies Limited,Electrical Equipment,0.28
HDFC Mutual Fund,HDFC Large and Mid Cap Fund — HDFC Large and Mid Cap Fund,2025-06,Whirlpool of India Ltd.,Consumer Durables,0.28
HDFC Mutual Fund,HDFC Large and Mid Cap Fund — HDFC Large and Mid Cap Fund,2025-06,CIE Automotive India Ltd,Auto Components,0.27
HDFC Mutual Fund,HDFC Large and Mid Cap Fund — HDFC Large and Mid Cap Fund,2025-06,Devyani International Ltd,Leisure Services,0.27
HDFC Mutual Fund,HDFC Large and Mid Cap Fund — HDFC Large and Mid Cap Fund,2025-06,ACC Ltd.,Cement & Cement Products,0.26
HDFC Mutual Fund,HDFC Large and Mid Cap Fund — HDFC Large and Mid Cap Fund,2025-06,Supreme Industries Ltd.,Industrial Products,0.26
HDFC Mutual Fund,HDFC Large and Mid Cap Fund — HDFC Large and Mid Cap Fund,2025-06,Delta Corp Ltd.,Leisure Services,0.02
HDFC Mutual Fund,HDFC Large and Mid Cap Fund — HDFC Large and Mid Cap Fund,2025-06,Hero MotoCorp Ltd.,Automobiles,0.02
HDFC Mutual Fund,HDFC Large and Mid Cap Fund — HDFC Large and Mid Cap Fund,2025-06,Indigo Paints Limited,Consumer Durables,0.02
HDFC Mutual Fund,HDFC Large and Mid Cap Fund — HDFC Large and Mid Cap Fund,2025-06,Titan Company Ltd.,Consumer Durables,0.02
HDFC Mutual Fund,HDFC Large and Mid Cap Fund — HDFC Large and Mid Cap Fund,2025-06,Godrej Consumer Products Ltd.,Personal Products,0.01
HDFC Mutual Fund,HDFC Large and Mid Cap Fund — HDFC Large and Mid Cap Fund,2025-06,ICICI Lombard General Insurance Co,Insurance,0.01
HDFC Mutual Fund,HDFC Large and Mid Cap Fund — HDFC Large and Mid Cap Fund,2025-06,LATENT VIEW ANALYTICS LIMITED IT -,Software,0.01
HDFC Mutual Fund,HDFC Large and Mid Cap Fund — HDFC Large and Mid Cap Fund,2025-06,TCI Express Ltd.,Transport Services,0.01
HDFC Mutual Fund,"(Name changed from HDFC Focused 30 Fund w.e.f. June 27, 2025) An open ended equity scheme CATEGORY OF SCHEME — Direct Plan",2025-07,Limited,Realty,2.11
HDFC Mutual Fund,"(Name changed from HDFC Focused 30 Fund w.e.f. June 27, 2025) An open ended equity scheme CATEGORY OF SCHEME — Direct Plan",2025-07,Ltd.,Transport Services,2.04
HDFC Mutual Fund,"(Name changed from HDFC Focused 30 Fund w.e.f. June 27, 2025) An open ended equity scheme CATEGORY OF SCHEME — Direct Plan",2025-07,Ltd.,Auto Components,1.32
HDFC Mutual Fund,"(Name changed from HDFC Focused 30 Fund w.e.f. June 27, 2025) An open ended equity scheme CATEGORY OF SCHEME — Direct Plan",2025-07,Limited,Leisure Services,1.19
HDFC Mutual Fund,"(Name changed from HDFC Focused 30 Fund w.e.f. June 27, 2025) An open ended equity scheme CATEGORY OF SCHEME — Direct Plan",2025-07,Ltd.,Realty,1.02
HDFC Mutual Fund,"(Name changed from HDFC Focused 30 Fund w.e.f. June 27, 2025) An open ended equity scheme CATEGORY OF SCHEME — Direct Plan",2025-07,Bank Ltd.,Banks,1.01
HDFC Mutual Fund,"(Name changed from HDFC Focused 30 Fund w.e.f. June 27, 2025) An open ended equity scheme CATEGORY OF SCHEME — Regular Plan",2025-07,Limited,Banks,4.24
HDFC Mutual Fund,"(Name changed from HDFC Focused 30 Fund w.e.f. June 27, 2025) An open ended equity scheme CATEGORY OF SCHEME — Regular Plan",2025-07,Ltd. IT -,Software,4.1
HDFC Mutual Fund,"(Name changed from HDFC Focused 30 Fund w.e.f. June 27, 2025) An open ended equity scheme CATEGORY OF SCHEME — Regular Plan",2025-07,Limited,Automobiles,3.82
HDFC Mutual Fund,"(Name changed from HDFC Focused 30 Fund w.e.f. June 27, 2025) An open ended equity scheme CATEGORY OF SCHEME — Regular Plan",2025-07,Nexus Select Trust REIT,Realty,2.06
HDFC Mutual Fund,"(Name changed from HDFC Focused 30 Fund w.e.f. June 27, 2025) An open ended equity scheme CATEGORY OF SCHEME — Regular Plan",2025-07,Ltd.,Transport Services,1.93
HDFC Mutual Fund,"(Name changed from HDFC Focused 30 Fund w.e.f. June 27, 2025) An open ended equity scheme CATEGORY OF SCHEME — Regular Plan",2025-07,Ltd.,Banks,1.57
HDFC Mutual Fund,"(Name changed from HDFC Focused 30 Fund w.e.f. June 27, 2025) An open ended equity scheme CATEGORY OF SCHEME — Regular Plan",2025-07,Ltd.,Auto Components,1.51
HDFC Mutual Fund,"(Name changed from HDFC Focused 30 Fund w.e.f. June 27, 2025) An open ended equity scheme CATEGORY OF SCHEME — Regular Plan",2025-07,Havells India Ltd.,Consumer Durables,1.29
HDFC Mutual Fund,"(Name changed from HDFC Focused 30 Fund w.e.f. June 27, 2025) An open ended equity scheme CATEGORY OF SCHEME — Regular Plan",2025-07,Limited,Leisure Services,0.85
HDFC Mutual Fund,"(Name changed from HDFC Focused 30 Fund w.e.f. June 27, 2025) An open ended equity scheme CATEGORY OF SCHEME — Regular Plan",2025-07,Embassy Office Parks REIT,Realty,0.7
HDFC Mutual Fund,"(Name changed from HDFC Focused 30 Fund w.e.f. June 27, 2025) An open ended equity scheme CATEGORY OF SCHEME — Regular Plan",2025-07,India Ltd.,Power,0.58
HDFC Mutual Fund,HDFC Arbitrage Fund — HDFC Arbitrage Fund,2025-07,Tech Mahindra Ltd. IT -,Software,0.12
HDFC Mutual Fund,HDFC Arbitrage Fund — HDFC Arbitrage Fund,2025-07,APL Apollo Tubes Ltd.,Industrial Products,0.11
HDFC Mutual Fund,HDFC Arbitrage Fund — HDFC Arbitrage Fund,2025-07,Exide Industries Ltd.,Auto Components,0.1
HDFC Mutual Fund,HDFC Arbitrage Fund — HDFC Arbitrage Fund,2025-07,KFin Technologies Ltd,Capital Markets,0.1
HDFC Mutual Fund,HDFC Arbitrage Fund — HDFC Arbitrage Fund,2025-07,Mazagon Dock Shipbuilders Ltd,Industrial Manufacturing,0.1
HDFC Mutual Fund,HDFC Arbitrage Fund — HDFC Arbitrage Fund,2025-07,Multi Commodity Exchange of India L,Capital Markets,0.1
HDFC Mutual Fund,HDFC Arbitrage Fund — HDFC Arbitrage Fund,2025-07,Union Bank of India,Banks,0.1
HDFC Mutual Fund,HDFC Arbitrage Fund — HDFC Arbitrage Fund,2025-07,Au Small Finance Bank Ltd.,Banks,0.09
HDFC Mutual Fund,HDFC Arbitrage Fund — HDFC Arbitrage Fund,2025-07,LIC Housing Finance Ltd.,Finance,0.09
HDFC Mutual Fund,HDFC Arbitrage Fund — HDFC Arbitrage Fund,2025-07,National Aluminium Co. Ltd.,Non - Ferrous Metals,0.09
HDFC Mutual Fund,HDFC Arbitrage Fund — HDFC Arbitrage Fund,2025-07,Polycab India Limited,Industrial Products,0.09
HDFC Mutual Fund,HDFC Arbitrage Fund — HDFC Arbitrage Fund,2025-07,Bharat Heavy Electricals Ltd.,Electrical Equipment,0.08
HDFC Mutual Fund,HDFC Arbitrage Fund — HDFC Arbitrage Fund,2025-07,HFCL Ltd,Telecom - Services,0.08
HDFC Mutual Fund,HDFC Arbitrage Fund — HDFC Arbitrage Fund,2025-07,Amber Enterprises India Ltd.,Consumer Durables,0.07
HDFC Mutual Fund,HDFC Arbitrage Fund — HDFC Arbitrage Fund,2025-07,Max Financial Services Ltd.,Insurance,0.07
HDFC Mutual Fund,HDFC Arbitrage Fund — HDFC Arbitrage Fund,2025-07,Bank of India,Banks,0.06
HDFC Mutual Fund,HDFC Arbitrage Fund — HDFC Arbitrage Fund,2025-07,Coforge Limited IT -,Software,0.06
HDFC Mutual Fund,HDFC Arbitrage Fund — HDFC Arbitrage Fund,2025-07,Maruti Suzuki India Limited,Automobiles,0.06
HDFC Mutual Fund,HDFC Arbitrage Fund — HDFC Arbitrage Fund,2025-07,Prestige Estates Projects Ltd.,Realty,0.06
HDFC Mutual Fund,HDFC Arbitrage Fund — HDFC Arbitrage Fund,2025-07,GAIL (India) Ltd.,Gas,0.05
HDFC Mutual Fund,HDFC Arbitrage Fund — HDFC Arbitrage Fund,2025-07,HDFC Life Insurance Company Limited,Insurance,0.05
HDFC Mutual Fund,HDFC Arbitrage Fund — HDFC Arbitrage Fund,2025-07,Indian Energy Exchange Limited,Capital Markets,0.05
HDFC Mutual Fund,HDFC Arbitrage Fund — HDFC Arbitrage Fund,2025-07,Life Insurance Corporation of India,Insurance,0.05
HDFC Mutual Fund,HDFC Arbitrage Fund — HDFC Arbitrage Fund,2025-07,Patanjali Foods Limited,Agricultural Food & Other Products,0.05
HDFC Mutual Fund,HDFC Dividend Yield Fund,2025-07,EPACK DURABLE LIMITED,Consumer Durables,0.21
HDFC Mutual Fund,HDFC Dividend Yield Fund,2025-07,Castrol India Ltd.,Petroleum Products,0.2
HDFC Mutual Fund,HDFC Dividend Yield Fund,2025-07,Company Ltd,Insurance,0.2
HDFC Mutual Fund,HDFC Dividend Yield Fund,2025-07,Quess Corp Ltd.,Commercial Services & Supplies,0.18
HDFC Mutual Fund,HDFC Dividend Yield Fund,2025-07,Electronics Mart India Ltd,Retailing,0.17
HDFC Mutual Fund,HDFC Dividend Yield Fund,2025-07,DAM Capital Advisors Limited,Capital Markets,0.16
HDFC Mutual Fund,HDFC Dividend Yield Fund,2025-07,Techno Electric & Engin. Co. Ltd.,Construction,0.16
HDFC Mutual Fund,HDFC Dividend Yield Fund,2025-07,Popular Vehicles and Services Limited,Automobiles,0.15
HDFC Mutual Fund,HDFC Dividend Yield Fund,2025-07,KEC International Ltd.,Construction,0.14
HDFC Mutual Fund,HDFC Large and Mid Cap Fund,2025-07,Embassy Office Parks REIT,Realty,0.35
HDFC Mutual Fund,HDFC Large and Mid Cap Fund,2025-07,ITC Hotels Limited,Leisure Services,0.03
HDFC Mutual Fund,HDFC Large and Mid Cap Fund,2025-07,STL NETWORKS LIMITED,Telecom - Services,0.03
HDFC Mutual Fund,HDFC Large and Mid Cap Fund,2025-07,Delta Corp Ltd.,Leisure Services,0.02
HDFC Mutual Fund,HDFC Large and Mid Cap Fund,2025-07,Hero MotoCorp Ltd.,Automobiles,0.02
HDFC Mutual Fund,HDFC Large and Mid Cap Fund,2025-07,Indigo Paints Limited,Consumer Durables,0.02
HDFC Mutual Fund,HDFC Large and Mid Cap Fund,2025-07,Titan Company Ltd.,Consumer Durables,0.02
HDFC Mutual Fund,HDFC Large and Mid Cap Fund,2025-07,LIMITED IT -,Software,0.01
HDFC Mutual Fund,HDFC Large and Mid Cap Fund,2025-07,Ltd.,Personal Products,0.01
HDFC Mutual Fund,HDFC Large and Mid Cap Fund,2025-07,TCI Express Ltd.,Transport Services,0.01
HDFC Mutual Fund,HDFC Large and Mid Cap Fund — Direct Plan,2025-07,Ltd.,Finance,1.21
HDFC Mutual Fund,HDFC Large and Mid Cap Fund — Direct Plan,2025-07,Ltd.,Insurance,1.14
HDFC Mutual Fund,HDFC Large and Mid Cap Fund — Direct Plan,2025-07,Ltd.,Banks,1.02
HDFC Mutual Fund,HDFC Large and Mid Cap Fund — Direct Plan,2025-07,Ltd.,Auto Components,0.89
HDFC Mutual Fund,HDFC Large and Mid Cap Fund — Direct Plan,2025-07,Limited,Automobiles,0.86
HDFC Mutual Fund,HDFC Large and Mid Cap Fund — HDFC Large and Mid Cap Fund,2025-07,Co. Ltd.,Finance,0.38
HDFC Mutual Fund,HDFC Large and Mid Cap Fund — HDFC Large and Mid Cap Fund,2025-07,Crompton Greaves Consumer Elec. Ltd.,Consumer Durables,0.38
HDFC Mutual Fund,HDFC Large and Mid Cap Fund — HDFC Large and Mid Cap Fund,2025-07,Delhivery Limited,Transport Services,0.37
HDFC Mutual Fund,HDFC Large and Mid Cap Fund — HDFC Large and Mid Cap Fund,2025-07,Redington Ltd.,Commercial Services & Supplies,0.37
HDFC Mutual Fund,HDFC Large and Mid Cap Fund — HDFC Large and Mid Cap Fund,2025-07,Aditya Birla Capital ltd.,Finance,0.36
HDFC Mutual Fund,HDFC Large and Mid Cap Fund — HDFC Large and Mid Cap Fund,2025-07,Creditaccess Grameen Limited,Finance,0.34
HDFC Mutual Fund,HDFC Large and Mid Cap Fund — HDFC Large and Mid Cap Fund,2025-07,HDFC Life Insurance Company Limited,Insurance,0.34
HDFC Mutual Fund,HDFC Large and Mid Cap Fund — HDFC Large and Mid Cap Fund,2025-07,KAYNES TECHNOLOGY INDIA LIMITED,Industrial Manufacturing,0.34
HDFC Mutual Fund,HDFC Large and Mid Cap Fund — HDFC Large and Mid Cap Fund,2025-07,ICICI Lombard General Insurance Co,Insurance,0.33
HDFC Mutual Fund,HDFC Large and Mid Cap Fund — HDFC Large and Mid Cap Fund,2025-07,UltraTech Cement Limited,Cement & Cement Products,0.33
HDFC Mutual Fund,HDFC Large and Mid Cap Fund — HDFC Large and Mid Cap Fund,2025-07,Avenue Supermarts Ltd.,Retailing,0.32
HDFC Mutual Fund,HDFC Large and Mid Cap Fund — HDFC Large and Mid Cap Fund,2025-07,GAIL (India) Ltd.,Gas,0.31
HDFC Mutual Fund,HDFC Large and Mid Cap Fund — HDFC Large and Mid Cap Fund,2025-07,Jubilant Foodworks Limited,Leisure Services,0.31
HDFC Mutual Fund,HDFC Large and Mid Cap Fund — HDFC Large and Mid Cap Fund,2025-07,Oracle Financial Ser Software Ltd. IT -,Software,0.31
HDFC Mutual Fund,HDFC Large and Mid Cap Fund — HDFC Large and Mid Cap Fund,2025-07,Avalon Technologies Limited,Electrical Equipment,0.29
HDFC Mutual Fund,HDFC Large and Mid Cap Fund — HDFC Large and Mid Cap Fund,2025-07,LIMITED,Finance,0.29
HDFC Mutual Fund,HDFC Large and Mid Cap Fund — HDFC Large and Mid Cap Fund,2025-07,Limited,Insurance,0.29
HDFC Mutual Fund,HDFC Large and Mid Cap Fund — HDFC Large and Mid Cap Fund,2025-07,The Phoenix Mills Limited,Realty,0.28
HDFC Mutual Fund,HDFC Large and Mid Cap Fund — HDFC Large and Mid Cap Fund,2025-07,Devyani International Ltd,Leisure Services,0.27
HDFC Mutual Fund,HDFC Multi Cap Fund — HDFC Multi Cap Fund,2025-07,Havells India Ltd.,Consumer Durables,0.38
HDFC Mutual Fund,HDFC Multi Cap Fund — HDFC Multi Cap Fund,2025-07,Muthoot Finance Ltd.,Finance,0.38
HDFC Mutual Fund,HDFC Multi Cap Fund — HDFC Multi Cap Fund,2025-07,Elecon Engineering Comapny Ltd.,Electrical Equipment,0.37
HDFC Mutual Fund,HDFC Multi Cap Fund — HDFC Multi Cap Fund,2025-07,Jindal Steel & Power Ltd.,Ferrous Metals,0.37
HDFC Mutual Fund,HDFC Multi Cap Fund — HDFC Multi Cap Fund,2025-07,Sonata Software Ltd. IT -,Software,0.37
HDFC Mutual Fund,HDFC Multi Cap Fund — HDFC Multi Cap Fund,2025-07,Aditya Birla Capital ltd.,Finance,0.36
HDFC Mutual Fund,HDFC Multi Cap Fund — HDFC Multi Cap Fund,2025-07,KAYNES TECHNOLOGY INDIA LIMITED,Industrial Manufacturing,0.36
HDFC Mutual Fund,HDFC Multi Cap Fund — HDFC Multi Cap Fund,2025-07,Symphony Ltd.,Consumer Durables,0.36
HDFC Mutual Fund,HDFC Multi Cap Fund — HDFC Multi Cap Fund,2025-07,Timken India Ltd.,Industrial Products,0.36
HDFC Mutual Fund,HDFC Multi Cap Fund — HDFC Multi Cap Fund,2025-07,CESC Ltd.,Power,0.34
HDFC Mutual Fund,HDFC Multi Cap Fund — HDFC Multi Cap Fund,2025-07,Carborundum Universal Ltd.,Industrial Products,0.33
HDFC Mutual Fund,HDFC Multi Cap Fund — HDFC Multi Cap Fund,2025-07,Aadhar Housing Finance Limited,Finance,0.32
HDFC Mutual Fund,HDFC Multi Cap Fund — HDFC Multi Cap Fund,2025-07,Bajaj Auto Limited,Automobiles,0.32
HDFC Mutual Fund,HDFC Multi Cap Fund — HDFC Multi Cap Fund,2025-07,EIH Ltd.,Leisure Services,0.32
HDFC Mutual Fund,HDFC Multi Cap Fund — HDFC Multi Cap Fund,2025-07,Birla Corporation Ltd.,Cement & Cement Products,0.31
HDFC Mutual Fund,HDFC Multi Cap Fund — HDFC Multi Cap Fund,2025-07,Crompton Greaves Consumer Elec. Ltd.,Consumer Durables,0.3
HDFC Mutual Fund,HDFC Multi Cap Fund — HDFC Multi Cap Fund,2025-07,Indraprastha Gas Ltd.,Gas,0.3
HDFC Mutual Fund,HDFC Multi Cap Fund — HDFC Multi Cap Fund,2025-07,Kajaria Ceramics Ltd.,Consumer Durables,0.28
HDFC Mutual Fund,HDFC Multi Cap Fund — HDFC Multi Cap Fund,2025-07,Schloss Bangalore Limited,Leisure Services,0.28
HDFC Mutual Fund,HDFC Multi Cap Fund — HDFC Multi Cap Fund,2025-07,Birlasoft Limited IT -,Software,0.27
HDFC Mutual Fund,HDFC Multi Cap Fund — HDFC Multi Cap Fund,2025-07,Godrej Consumer Products Ltd.,Personal Products,0.27
HDFC Mutual Fund,HDFC Multi Cap Fund — HDFC Multi Cap Fund,2025-07,Medi Assist Healthcare Services Limited,Insurance,0.27
HDFC Mutual Fund,"(Name changed from HDFC Focused 30 Fund w.e.f. June 27, 2025) An open ended equity scheme CATEGORY OF SCHEME — Direct Plan",2025-08,Ltd. IT -,Software,4.21
HDFC Mutual Fund,"(Name changed from HDFC Focused 30 Fund w.e.f. June 27, 2025) An open ended equity scheme CATEGORY OF SCHEME — Direct Plan",2025-08,Bank Limited,Banks,4.02
HDFC Mutual Fund,"(Name changed from HDFC Focused 30 Fund w.e.f. June 27, 2025) An open ended equity scheme CATEGORY OF SCHEME — Direct Plan",2025-08,Ltd.,Automobiles,2.53
HDFC Mutual Fund,"(Name changed from HDFC Focused 30 Fund w.e.f. June 27, 2025) An open ended equity scheme CATEGORY OF SCHEME — Direct Plan",2025-08,India Limited,Automobiles,2.3
HDFC Mutual Fund,"(Name changed from HDFC Focused 30 Fund w.e.f. June 27, 2025) An open ended equity scheme CATEGORY OF SCHEME — Direct Plan",2025-08,Limited,Realty,2.16
HDFC Mutual Fund,"(Name changed from HDFC Focused 30 Fund w.e.f. June 27, 2025) An open ended equity scheme CATEGORY OF SCHEME — Direct Plan",2025-08,Ltd.,Transport Services,1.97
HDFC Mutual Fund,"(Name changed from HDFC Focused 30 Fund w.e.f. June 27, 2025) An open ended equity scheme CATEGORY OF SCHEME — Direct Plan",2025-08,Ltd.,Auto Components,1.53
HDFC Mutual Fund,"(Name changed from HDFC Focused 30 Fund w.e.f. June 27, 2025) An open ended equity scheme CATEGORY OF SCHEME — Direct Plan",2025-08,Ltd.,Banks,1.46
HDFC Mutual Fund,"(Name changed from HDFC Focused 30 Fund w.e.f. June 27, 2025) An open ended equity scheme CATEGORY OF SCHEME — Direct Plan",2025-08,Limited,Leisure Services,1.17
HDFC Mutual Fund,"(Name changed from HDFC Focused 30 Fund w.e.f. June 27, 2025) An open ended equity scheme CATEGORY OF SCHEME — Regular Plan",2025-08,2.31 Nexus Select Trust REIT,Realty,1.98
HDFC Mutual Fund,"(Name changed from HDFC Focused 30 Fund w.e.f. June 27, 2025) An open ended equity scheme CATEGORY OF SCHEME — Regular Plan",2025-08,CIE Automotive India Ltd,Auto Components,1.22
HDFC Mutual Fund,"(Name changed from HDFC Focused 30 Fund w.e.f. June 27, 2025) An open ended equity scheme CATEGORY OF SCHEME — Regular Plan",2025-08,Limited,Leisure Services,0.79
HDFC Mutual Fund,"(Name changed from HDFC Focused 30 Fund w.e.f. June 27, 2025) An open ended equity scheme CATEGORY OF SCHEME — Regular Plan",2025-08,2.30 Embassy Office Parks REIT,Realty,0.66
HDFC Mutual Fund,HDFC Arbitrage Fund — HDFC Arbitrage Fund,2025-08,Tech Mahindra Ltd. IT -,Software,0.16
HDFC Mutual Fund,HDFC Arbitrage Fund — HDFC Arbitrage Fund,2025-08,Trent Ltd.,Retailing,0.16
HDFC Mutual Fund,HDFC Arbitrage Fund — HDFC Arbitrage Fund,2025-08,Union Bank of India,Banks,0.16
HDFC Mutual Fund,HDFC Arbitrage Fund — HDFC Arbitrage Fund,2025-08,Aditya Birla Capital ltd.,Finance,0.14
HDFC Mutual Fund,HDFC Arbitrage Fund — HDFC Arbitrage Fund,2025-08,Jindal Steel Limited.,Ferrous Metals,0.14
HDFC Mutual Fund,HDFC Arbitrage Fund — HDFC Arbitrage Fund,2025-08,Steel Authority Of India Ltd.,Ferrous Metals,0.14
HDFC Mutual Fund,HDFC Arbitrage Fund — HDFC Arbitrage Fund,2025-08,GAIL (India) Ltd.,Gas,0.13
HDFC Mutual Fund,HDFC Arbitrage Fund — HDFC Arbitrage Fund,2025-08,Amber Enterprises India Ltd.,Consumer Durables,0.12
HDFC Mutual Fund,HDFC Arbitrage Fund — HDFC Arbitrage Fund,2025-08,Exide Industries Ltd.,Auto Components,0.12
HDFC Mutual Fund,HDFC Arbitrage Fund — HDFC Arbitrage Fund,2025-08,Solutions Ltd.,Electrical Equipment,0.12
HDFC Mutual Fund,HDFC Arbitrage Fund — HDFC Arbitrage Fund,2025-08,Yes Bank Ltd.,Banks,0.12
HDFC Mutual Fund,HDFC Arbitrage Fund — HDFC Arbitrage Fund,2025-08,LIMITED,Industrial Manufacturing,0.1
HDFC Mutual Fund,HDFC Arbitrage Fund — HDFC Arbitrage Fund,2025-08,KFin Technologies Ltd,Capital Markets,0.09
HDFC Mutual Fund,HDFC Arbitrage Fund — HDFC Arbitrage Fund,2025-08,National Aluminium Co. Ltd.,Non - Ferrous Metals,0.09
HDFC Mutual Fund,HDFC Arbitrage Fund — HDFC Arbitrage Fund,2025-08,Bharat Heavy Electricals Ltd.,Electrical Equipment,0.08
HDFC Mutual Fund,HDFC Arbitrage Fund — HDFC Arbitrage Fund,2025-08,Company Ltd.,Insurance,0.08
HDFC Mutual Fund,HDFC Arbitrage Fund — HDFC Arbitrage Fund,2025-08,Max Financial Services Ltd.,Insurance,0.08
HDFC Mutual Fund,HDFC Arbitrage Fund — HDFC Arbitrage Fund,2025-08,Polycab India Limited,Industrial Products,0.08
HDFC Mutual Fund,HDFC Arbitrage Fund — HDFC Arbitrage Fund,2025-08,Punjab National Bank,Banks,0.08
HDFC Mutual Fund,HDFC Arbitrage Fund — HDFC Arbitrage Fund,2025-08,ABB India Ltd.,Electrical Equipment,0.07
HDFC Mutual Fund,HDFC Arbitrage Fund — HDFC Arbitrage Fund,2025-08,Asian Paints Limited,Consumer Durables,0.07
HDFC Mutual Fund,HDFC Dividend Yield Fund,2025-08,Company Ltd,Insurance,0.2
HDFC Mutual Fund,HDFC Dividend Yield Fund,2025-08,Endurance Technologies Ltd.,Auto Components,0.2
HDFC Mutual Fund,HDFC Dividend Yield Fund,2025-08,Stanley Lifestyles Limited,Consumer Durables,0.19
HDFC Mutual Fund,HDFC Dividend Yield Fund,2025-08,Afcons Infrastructure Limited,Construction,0.17
HDFC Mutual Fund,HDFC Dividend Yield Fund,2025-08,Quess Corp Ltd.,Commercial Services & Supplies,0.17
HDFC Mutual Fund,HDFC Dividend Yield Fund,2025-08,DAM Capital Advisors Limited,Capital Markets,0.16
HDFC Mutual Fund,HDFC Dividend Yield Fund,2025-08,Popular Vehicles and Services Limited,Automobiles,0.14
HDFC Mutual Fund,HDFC Dividend Yield Fund,2025-08,Inox India Limited,Industrial Products,0.13
HDFC Mutual Fund,HDFC Large and Mid Cap Fund — Direct Plan,2025-08,Limited,Realty,1.4
HDFC Mutual Fund,HDFC Large and Mid Cap Fund — Direct Plan,2025-08,Ltd.,Insurance,1.25
HDFC Mutual Fund,HDFC Large and Mid Cap Fund — Direct Plan,2025-08,Ltd.,Petroleum Products,1.13
HDFC Mutual Fund,HDFC Large and Mid Cap Fund — Direct Plan,2025-08,Limited,Automobiles,1.03
HDFC Mutual Fund,HDFC Large and Mid Cap Fund — Direct Plan,2025-08,Ltd.,Banks,1.02
HDFC Mutual Fund,HDFC Large and Mid Cap Fund — Direct Plan,2025-08,Ltd.,Finance,0.95
HDFC Mutual Fund,HDFC Large and Mid Cap Fund — HDFC Large and Mid Cap Fund,2025-08,Aditya Birla Capital ltd.,Finance,0.4
HDFC Mutual Fund,HDFC Large and Mid Cap Fund — HDFC Large and Mid Cap Fund,2025-08,Power Grid Corporation of India Ltd.,Power,0.4
HDFC Mutual Fund,HDFC Large and Mid Cap Fund — HDFC Large and Mid Cap Fund,2025-08,Creditaccess Grameen Limited,Finance,0.39
HDFC Mutual Fund,HDFC Large and Mid Cap Fund — HDFC Large and Mid Cap Fund,2025-08,Crompton Greaves Consumer Elec. Ltd.,Consumer Durables,0.39
HDFC Mutual Fund,HDFC Large and Mid Cap Fund — HDFC Large and Mid Cap Fund,2025-08,Steel Authority Of India Ltd.,Ferrous Metals,0.39
HDFC Mutual Fund,HDFC Large and Mid Cap Fund — HDFC Large and Mid Cap Fund,2025-08,Ltd.,Finance,0.38
HDFC Mutual Fund,HDFC Large and Mid Cap Fund — HDFC Large and Mid Cap Fund,2025-08,The Federal Bank Ltd.,Banks,0.38
HDFC Mutual Fund,HDFC Large and Mid Cap Fund — HDFC Large and Mid Cap Fund,2025-08,Avenue Supermarts Ltd.,Retailing,0.36
HDFC Mutual Fund,HDFC Large and Mid Cap Fund — HDFC Large and Mid Cap Fund,2025-08,ICICI Lombard General Insurance Co,Insurance,0.36
HDFC Mutual Fund,HDFC Large and Mid Cap Fund — HDFC Large and Mid Cap Fund,2025-08,PNB Housing Finance Ltd.,Finance,0.36
HDFC Mutual Fund,HDFC Large and Mid Cap Fund — HDFC Large and Mid Cap Fund,2025-08,Redington Ltd.,Commercial Services & Supplies,0.36
HDFC Mutual Fund,HDFC Large and Mid Cap Fund — HDFC Large and Mid Cap Fund,2025-08,HDFC Life Insurance Company Limited,Insurance,0.35
HDFC Mutual Fund,HDFC Large and Mid Cap Fund — HDFC Large and Mid Cap Fund,2025-08,UltraTech Cement Limited,Cement & Cement Products,0.35
HDFC Mutual Fund,HDFC Large and Mid Cap Fund — HDFC Large and Mid Cap Fund,2025-08,Emami Ltd.,Personal Products,0.34
HDFC Mutual Fund,HDFC Large and Mid Cap Fund — HDFC Large and Mid Cap Fund,2025-08,Embassy Office Parks REIT,Realty,0.34
HDFC Mutual Fund,HDFC Large and Mid Cap Fund — HDFC Large and Mid Cap Fund,2025-08,KAYNES TECHNOLOGY INDIA LIMITED,Industrial Manufacturing,0.34
HDFC Mutual Fund,HDFC Large and Mid Cap Fund — HDFC Large and Mid Cap Fund,2025-08,GAIL (India) Ltd.,Gas,0.31
HDFC Mutual Fund,HDFC Large and Mid Cap Fund — HDFC Large and Mid Cap Fund,2025-08,Oracle Financial Ser Software Ltd. IT -,Software,0.31
HDFC Mutual Fund,HDFC Large and Mid Cap Fund — HDFC Large and Mid Cap Fund,2025-08,LIMITED,Finance,0.3
HDFC Mutual Fund,HDFC Large and Mid Cap Fund — HDFC Large and Mid Cap Fund,2025-08,NHPC Ltd.,Power,0.3
HDFC Mutual Fund,HDFC Large and Mid Cap Fund — HDFC Large and Mid Cap Fund,2025-08,Devyani International Ltd,Leisure Services,0.29
HDFC Mutual Fund,HDFC Large and Mid Cap Fund — HDFC Large and Mid Cap Fund,2025-08,Oberoi Realty Ltd.,Realty,0.29
HDFC Mutual Fund,HDFC Large and Mid Cap Fund — HDFC Large and Mid Cap Fund,2025-08,The Phoenix Mills Limited,Realty,0.29
HDFC Mutual Fund,HDFC Large and Mid Cap Fund — HDFC Large and Mid Cap Fund,2025-08,ACC Ltd.,Cement & Cement Products,0.28
HDFC Mutual Fund,HDFC Large and Mid Cap Fund — HDFC Large and Mid Cap Fund,2025-08,Avalon Technologies Limited,Electrical Equipment,0.28
HDFC Mutual Fund,HDFC Large and Mid Cap Fund — HDFC Large and Mid Cap Fund,2025-08,Medi Assist Healthcare Services Limited,Insurance,0.28
HDFC Mutual Fund,HDFC Large and Mid Cap Fund — HDFC Large and Mid Cap Fund,2025-08,STL NETWORKS LIMITED,Telecom - Services,0.03
HDFC Mutual Fund,HDFC Large and Mid Cap Fund — HDFC Large and Mid Cap Fund,2025-08,Delta Corp Ltd.,Leisure Services,0.02
HDFC Mutual Fund,HDFC Large and Mid Cap Fund — HDFC Large and Mid Cap Fund,2025-08,Hero MotoCorp Ltd.,Automobiles,0.02
HDFC Mutual Fund,HDFC Large and Mid Cap Fund — HDFC Large and Mid Cap Fund,2025-08,Indigo Paints Limited,Consumer Durables,0.02
HDFC Mutual Fund,HDFC Large and Mid Cap Fund — HDFC Large and Mid Cap Fund,2025-08,Titan Company Ltd.,Consumer Durables,0.02
HDFC Mutual Fund,HDFC Large and Mid Cap Fund — HDFC Large and Mid Cap Fund,2025-08,Godrej Consumer Products Ltd.,Personal Products,0.01
HDFC Mutual Fund,HDFC Large and Mid Cap Fund — HDFC Large and Mid Cap Fund,2025-08,LATENT VIEW ANALYTICS LIMITED IT -,Software,0.01
HDFC Mutual Fund,HDFC Large and Mid Cap Fund — HDFC Large and Mid Cap Fund,2025-08,TCI Express Ltd.,Transport Services,0.01
HDFC Mutual Fund,HDFC Multi Cap Fund — HDFC Multi Cap Fund,2025-08,Motherson Sumi Wiring India,Auto Components,0.08
HDFC Mutual Fund,HDFC Multi Cap Fund — HDFC Multi Cap Fund,2025-08,CanFin Homes Ltd.,Finance,0.07
HDFC Mutual Fund,HDFC Multi Cap Fund — HDFC Multi Cap Fund,2025-08,Equitas Small Finance Bank Ltd,Banks,0.07
HDFC Mutual Fund,HDFC Multi Cap Fund — HDFC Multi Cap Fund,2025-08,JSW Energy Ltd.,Power,0.07
HDFC Mutual Fund,HDFC Multi Cap Fund — HDFC Multi Cap Fund,2025-08,Sundram Fasteners Ltd.,Auto Components,0.07
HDFC Mutual Fund,HDFC Multi Cap Fund — HDFC Multi Cap Fund,2025-08,GO FASHION (INDIA) LIMITED,Retailing,0.05
HDFC Mutual Fund,HDFC Multi Cap Fund — HDFC Multi Cap Fund,2025-08,KEI Industries Ltd.,Industrial Products,0.05
HDFC Mutual Fund,HDFC Multi Cap Fund — HDFC Multi Cap Fund,2025-08,TCI Express Ltd.,Transport Services,0.05
HDFC Mutual Fund,HDFC Multi Cap Fund — HDFC Multi Cap Fund,2025-08,Cello World Limited,Consumer Durables,0.04
HDFC Mutual Fund,HDFC Multi Cap Fund — HDFC Multi Cap Fund,2025-08,Craftsman Automation Ltd,Auto Components,0.04
HDFC Mutual Fund,HDFC Multi Cap Fund — HDFC Multi Cap Fund,2025-08,Endurance Technologies Ltd.,Auto Components,0.04
HDFC Mutual Fund,HDFC Multi Cap Fund — HDFC Multi Cap Fund,2025-08,ITC Hotels Limited,Leisure Services,0.04
HDFC Mutual Fund,HDFC Multi Cap Fund — HDFC Multi Cap Fund,2025-08,ADITYA BIRLA LIFESTYLE BRANDS,Retailing,0.03
HDFC Mutual Fund,HDFC Multi Cap Fund — HDFC Multi Cap Fund,2025-08,Bajel Projects Limited,Electrical Equipment,0.03
HDFC Mutual Fund,HDFC Multi Cap Fund — HDFC Multi Cap Fund,2025-08,Aditya Birla Fashion and Retail Ltd.,Retailing,0.02
HDFC Mutual Fund,HDFC Multi Cap Fund — HDFC Multi Cap Fund,2025-08,Orient Cement Ltd.,Cement & Cement Products,0.02
HDFC Mutual Fund,HDFC Multi Cap Fund — MULTI CAP FUND,2025-08,Office Parks REIT,Realty,0.47
HDFC Mutual Fund,HDFC Multi Cap Fund — MULTI CAP FUND,2025-08,Industries Ltd.,Consumer Durables,0.02
HDFC Mutual Fund,HDFC Multi Cap Fund — MULTI CAP FUND,2025-08,Investments of India Ltd.,Auto Components,0.01
HDFC Mutual Fund,HDFC Multi Cap Fund — MULTI CAP FUND,2025-08,instruments Limited,Electrical Equipment,0.01
HDFC Mutual Fund,HDFC Transportation and Logistics Fund,2025-08,9.94 Ltd.,Auto Components,0.87
HDFC Mutual Fund,HDFC Transportation and Logistics Fund,2025-08,Limited,Auto Components,0.84
HDFC Mutual Fund,HDFC Transportation and Logistics Fund,2025-08,Blue Dart Express Ltd.,Transport Services,0.55
HDFC Mutual Fund,HDFC Transportation and Logistics Fund,2025-08,INDUSTRIES LIMITED,Auto Components,0.5
HDFC Mutual Fund,HDFC Transportation and Logistics Fund,2025-08,VRL Logistics Ltd.,Transport Services,0.34
HDFC Mutual Fund,HDFC Transportation and Logistics Fund,2025-08,Services Limited,Automobiles,0.18
HDFC Mutual Fund,HDFC Transportation and Logistics Fund — Direct Plan,2025-08,Ltd.,Automobiles,4.17
HDFC Mutual Fund,HDFC Transportation and Logistics Fund — Direct Plan,2025-08,Ltd.,Auto Components,3.05
HDFC Mutual Fund,HDFC Transportation and Logistics Fund — Direct Plan,2025-08,Ltd,Auto Components,2.08
HDFC Mutual Fund,HDFC Transportation and Logistics Fund — Direct Plan,2025-08,Ltd.,Transport Services,1.84
HDFC Mutual Fund,HDFC Transportation and Logistics Fund — Direct Plan,2025-08,Limited,Auto Components,1.81
HDFC Mutual Fund,HDFC Transportation and Logistics Fund — Plan S,2025-08,Limited,Electrical Equipment,1.67
HDFC Mutual Fund,HDFC Transportation and Logistics Fund — Plan S,2025-08,Ltd.,Construction,1.4
HDFC Mutual Fund,HDFC Transportation and Logistics Fund — Plan S,2025-08,Limited,Industrial Products,0.31
HDFC Mutual Fund,HDFC Transportation and Logistics Fund — SECTORAL FUND,2025-08,Ltd.,Finance,1.0
HDFC Mutual Fund,HDFC Transportation and Logistics Fund — SECTORAL FUND,2025-08,Financial Services Ltd.,Finance,0.99
HDFC Mutual Fund,HDFC Transportation and Logistics Fund — SECTORAL FUND,2025-08,Bandhan Bank Ltd.,Banks,0.96
HDFC Mutual Fund,HDFC Transportation and Logistics Fund — SECTORAL FUND,2025-08,Depository Limited,Capital Markets,0.79
HDFC Mutual Fund,HDFC Transportation and Logistics Fund — SECTORAL FUND,2025-08,Finance India Ltd,Finance,0.71
HDFC Mutual Fund,HDFC Transportation and Logistics Fund — SECTORAL FUND,2025-08,Fusion Finance Limited,Finance,0.64
HDFC Mutual Fund,HDFC Transportation and Logistics Fund — SECTORAL FUND,2025-08,Canara Bank,Banks,0.51
HDFC Mutual Fund,"(Name changed from HDFC Focused 30 Fund w.e.f. June 27, 2025) An open ended equity scheme CATEGORY OF SCHEME — FOCUSED FUND",2025-09,Metals 2.65 Nexus Select Trust REIT,Realty,2.11
HDFC Mutual Fund,"(Name changed from HDFC Focused 30 Fund w.e.f. June 27, 2025) An open ended equity scheme CATEGORY OF SCHEME — FOCUSED FUND",2025-09,9.17 LIMITED,Leisure Services,1.17
HDFC Mutual Fund,"(Name changed from HDFC Focused 30 Fund w.e.f. June 27, 2025) An open ended equity scheme CATEGORY OF SCHEME — FOCUSED FUND",2025-09,Consumer Elec. Ltd.,Consumer Durables,1.16
HDFC Mutual Fund,"(Name changed from HDFC Focused 30 Fund w.e.f. June 27, 2025) An open ended equity scheme CATEGORY OF SCHEME — FOCUSED FUND",2025-09,Limited,Leisure Services,0.73
HDFC Mutual Fund,"(Name changed from HDFC Focused 30 Fund w.e.f. June 27, 2025) An open ended equity scheme CATEGORY OF SCHEME — FOCUSED FUND",2025-09,- Services 2.39 Embassy Office Parks REIT,Realty,0.36
HDFC Mutual Fund,"(Name changed from HDFC Focused 30 Fund w.e.f. June 27, 2025) An open ended equity scheme CATEGORY OF SCHEME — Regular Plan",2025-09,India Limited,Automobiles,4.26
HDFC Mutual Fund,"(Name changed from HDFC Focused 30 Fund w.e.f. June 27, 2025) An open ended equity scheme CATEGORY OF SCHEME — Regular Plan",2025-09,Ltd. IT -,Software,4.24
HDFC Mutual Fund,"(Name changed from HDFC Focused 30 Fund w.e.f. June 27, 2025) An open ended equity scheme CATEGORY OF SCHEME — Regular Plan",2025-09,Bank Limited,Banks,4.23
HDFC Mutual Fund,"(Name changed from HDFC Focused 30 Fund w.e.f. June 27, 2025) An open ended equity scheme CATEGORY OF SCHEME — Regular Plan",2025-09,Ltd.,Automobiles,2.77
HDFC Mutual Fund,"(Name changed from HDFC Focused 30 Fund w.e.f. June 27, 2025) An open ended equity scheme CATEGORY OF SCHEME — Regular Plan",2025-09,Ltd.,Leisure Services,2.02
HDFC Mutual Fund,"(Name changed from HDFC Focused 30 Fund w.e.f. June 27, 2025) An open ended equity scheme CATEGORY OF SCHEME — Regular Plan",2025-09,Ltd.,Transport Services,1.84
HDFC Mutual Fund,"(Name changed from HDFC Focused 30 Fund w.e.f. June 27, 2025) An open ended equity scheme CATEGORY OF SCHEME — Regular Plan",2025-09,Ltd.,Banks,1.67
HDFC Mutual Fund,"(Name changed from HDFC Focused 30 Fund w.e.f. June 27, 2025) An open ended equity scheme CATEGORY OF SCHEME — Regular Plan",2025-09,Limited,Leisure Services,1.2
HDFC Mutual Fund,"(Name changed from HDFC Focused 30 Fund w.e.f. June 27, 2025) An open ended equity scheme CATEGORY OF SCHEME — Regular Plan",2025-09,Ltd.,Auto Components,1.14
HDFC Mutual Fund,"(Name changed from HDFC Focused 30 Fund w.e.f. June 27, 2025) An open ended equity scheme CATEGORY OF SCHEME — Regular Plan",2025-09,Limited,Automobiles,1.1
HDFC Mutual Fund,"(Name changed from HDFC Focused 30 Fund w.e.f. June 27, 2025) An open ended equity scheme CATEGORY OF SCHEME — Regular Plan",2025-09,Ltd.,Realty,0.96
HDFC Mutual Fund,"(Name changed from HDFC Focused 30 Fund w.e.f. June 27, 2025) An open ended equity scheme CATEGORY OF SCHEME — Regular Plan",2025-09,LIMITED,Retailing,0.78
HDFC Mutual Fund,"(Name changed from HDFC Mid-Cap Opportunities Fund w.e.f. June 27, 2025) An open ended MID CAP FUND",2025-09,Ltd.,Insurance,4.76
HDFC Mutual Fund,"(Name changed from HDFC Mid-Cap Opportunities Fund w.e.f. June 27, 2025) An open ended MID CAP FUND",2025-09,Ltd.,Auto Components,3.54
HDFC Mutual Fund,"(Name changed from HDFC Mid-Cap Opportunities Fund w.e.f. June 27, 2025) An open ended MID CAP FUND",2025-09,Bank Ltd.,Banks,3.16
HDFC Mutual Fund,"(Name changed from HDFC Mid-Cap Opportunities Fund w.e.f. June 27, 2025) An open ended MID CAP FUND",2025-09,Ltd.,Banks,2.91
HDFC Mutual Fund,"(Name changed from HDFC Mid-Cap Opportunities Fund w.e.f. June 27, 2025) An open ended MID CAP FUND",2025-09,Limited,Retailing,2.65
HDFC Mutual Fund,"(Name changed from HDFC Mid-Cap Opportunities Fund w.e.f. June 27, 2025) An open ended MID CAP FUND",2025-09,Ltd.,Finance,2.01
HDFC Mutual Fund,"(Name changed from HDFC Mid-Cap Opportunities Fund w.e.f. June 27, 2025) An open ended MID CAP FUND",2025-09,Care Ltd.,Personal Products,0.52
HDFC Mutual Fund,"(Name changed from HDFC Mid-Cap Opportunities Fund w.e.f. June 27, 2025) An open ended MID CAP FUND",2025-09,Limited,Construction,0.5
HDFC Mutual Fund,"(Name changed from HDFC Mid-Cap Opportunities Fund w.e.f. June 27, 2025) An open ended MID CAP FUND",2025-09,Ltd.,Consumer Durables,0.23
HDFC Mutual Fund,HDFC Arbitrage Fund — HDFC Arbitrage Fund,2025-09,Punjab National Bank,Banks,0.19
HDFC Mutual Fund,HDFC Arbitrage Fund — HDFC Arbitrage Fund,2025-09,Yes Bank Ltd.,Banks,0.19
HDFC Mutual Fund,HDFC Arbitrage Fund — HDFC Arbitrage Fund,2025-09,Aditya Birla Capital ltd.,Finance,0.18
HDFC Mutual Fund,HDFC Arbitrage Fund — HDFC Arbitrage Fund,2025-09,IIFL Finance Limited,Finance,0.18
HDFC Mutual Fund,HDFC Arbitrage Fund — HDFC Arbitrage Fund,2025-09,Bosch Limited,Auto Components,0.17
HDFC Mutual Fund,HDFC Arbitrage Fund — HDFC Arbitrage Fund,2025-09,Computer Age Management Services,Capital Markets,0.17
HDFC Mutual Fund,HDFC Arbitrage Fund — HDFC Arbitrage Fund,2025-09,GAIL (India) Ltd.,Gas,0.17
HDFC Mutual Fund,HDFC Arbitrage Fund — HDFC Arbitrage Fund,2025-09,Indian Oil Corporation Ltd.,Petroleum Products,0.17
HDFC Mutual Fund,HDFC Arbitrage Fund — HDFC Arbitrage Fund,2025-09,Union Bank of India,Banks,0.17
HDFC Mutual Fund,HDFC Arbitrage Fund — HDFC Arbitrage Fund,2025-09,Sona Blw Precision Forgings,Auto Components,0.16
HDFC Mutual Fund,HDFC Arbitrage Fund — HDFC Arbitrage Fund,2025-09,SBI Life Insurance Company Ltd.,Insurance,0.14
HDFC Mutual Fund,HDFC Arbitrage Fund — HDFC Arbitrage Fund,2025-09,CG Power and Industrial Solutions Ltd.,Electrical Equipment,0.13
HDFC Mutual Fund,HDFC Arbitrage Fund — HDFC Arbitrage Fund,2025-09,Dabur India Ltd.,Personal Products,0.13
HDFC Mutual Fund,HDFC Arbitrage Fund — HDFC Arbitrage Fund,2025-09,Au Small Finance Bank Ltd.,Banks,0.12
HDFC Mutual Fund,HDFC Arbitrage Fund — HDFC Arbitrage Fund,2025-09,Hindustan Zinc Ltd.,Non - Ferrous Metals,0.11
HDFC Mutual Fund,HDFC Arbitrage Fund — HDFC Arbitrage Fund,2025-09,Tech Mahindra Ltd. IT -,Software,0.11
HDFC Mutual Fund,HDFC Arbitrage Fund — HDFC Arbitrage Fund,2025-09,Bank of India,Banks,0.1
HDFC Mutual Fund,HDFC Dividend Yield Fund,2025-09,Afcons Infrastructure Limited,Construction,0.19
HDFC Mutual Fund,HDFC Dividend Yield Fund,2025-09,Castrol India Ltd.,Petroleum Products,0.19
HDFC Mutual Fund,HDFC Dividend Yield Fund,2025-09,Electronics Mart India Ltd,Retailing,0.19
HDFC Mutual Fund,HDFC Dividend Yield Fund,2025-09,Limited,Automobiles,0.19
HDFC Mutual Fund,HDFC Dividend Yield Fund,2025-09,DAM Capital Advisors Limited,Capital Markets,0.18
HDFC Mutual Fund,HDFC Dividend Yield Fund,2025-09,Techno Electric & Engin. Co. Ltd.,Construction,0.16
HDFC Mutual Fund,HDFC Dividend Yield Fund,2025-09,KEC International Ltd.,Construction,0.15
HDFC Mutual Fund,HDFC Dividend Yield Fund,2025-09,Birlasoft Limited IT -,Software,0.14
HDFC Mutual Fund,HDFC Dividend Yield Fund,2025-09,Sai Silks (Kalamandir) Limited,Retailing,0.11
HDFC Mutual Fund,HDFC Dividend Yield Fund,2025-09,Voltamp Transformers Ltd.,Electrical Equipment,0.11
HDFC Mutual Fund,HDFC Dividend Yield Fund,2025-09,Rishabh instruments Limited,Electrical Equipment,0.09
HDFC Mutual Fund,HDFC Hybrid Debt Fund,2025-09,Limited,Automobiles,5.3
HDFC Mutual Fund,HDFC Hybrid Debt Fund,2025-09,Ltd. IT -,Software,2.79
HDFC Mutual Fund,HDFC Hybrid Debt Fund,2025-09,ICICI Bank Ltd.,Banks,2.01
HDFC Mutual Fund,HDFC Hybrid Debt Fund,2025-09,HDFC Bank Ltd.£,Banks,1.99
HDFC Mutual Fund,HDFC Hybrid Debt Fund,2025-09,Ltd.,Transport Services,1.34
HDFC Mutual Fund,HDFC Hybrid Debt Fund,2025-09,State Bank of India,Banks,1.3
HDFC Mutual Fund,HDFC Hybrid Debt Fund,2025-09,Axis Bank Ltd.,Banks,1.1
HDFC Mutual Fund,HDFC Hybrid Debt Fund,2025-09,PER Reliance Industries Ltd.,Petroleum Products,1.02
HDFC Mutual Fund,HDFC Hybrid Debt Fund,2025-09,Bharti Airtel Ltd.,Telecom - Services,0.79
HDFC Mutual Fund,HDFC Hybrid Debt Fund,2025-09,Larsen and Toubro Ltd.,Construction,0.77
HDFC Mutual Fund,HDFC Hybrid Debt Fund,2025-09,Infosys Limited IT -,Software,0.73
HDFC Mutual Fund,HDFC Hybrid Debt Fund,2025-09,NTPC Limited,Power,0.61
HDFC Mutual Fund,HDFC Hybrid Debt Fund,2025-09,Kotak Mahindra Bank Limited,Banks,0.6
HDFC Mutual Fund,HDFC Hybrid Debt Fund,2025-09,Tata Consultancy Services Ltd. IT -,Software,0.57
HDFC Mutual Fund,HDFC Hybrid Debt Fund,2025-09,India Ltd.,Power,0.42
HDFC Mutual Fund,HDFC Hybrid Debt Fund — Regular Plan,2025-09,Ltd.,Petroleum Products,1.02
HDFC Mutual Fund,HDFC Hybrid Debt Fund — Regular Plan,2025-09,Ltd.,Construction,0.77
HDFC Mutual Fund,HDFC Hybrid Debt Fund — Regular Plan,2025-09,Limited,Banks,0.6
HDFC Mutual Fund,HDFC Hybrid Debt Fund — Regular Plan,2025-09,Ltd. IT -,Software,0.57
HDFC Mutual Fund,HDFC Large and Mid Cap Fund — HDFC Large and Mid Cap Fund,2025-09,Tech Mahindra Ltd. IT -,Software,0.42
HDFC Mutual Fund,HDFC Large and Mid Cap Fund — HDFC Large and Mid Cap Fund,2025-09,Endurance Technologies Ltd.,Auto Components,0.41
HDFC Mutual Fund,HDFC Large and Mid Cap Fund — HDFC Large and Mid Cap Fund,2025-09,Redington Ltd.,Commercial Services & Supplies,0.41
HDFC Mutual Fund,HDFC Large and Mid Cap Fund — HDFC Large and Mid Cap Fund,2025-09,Aditya Birla Capital ltd.,Finance,0.4
HDFC Mutual Fund,HDFC Large and Mid Cap Fund — HDFC Large and Mid Cap Fund,2025-09,PNB Housing Finance Ltd.,Finance,0.4
HDFC Mutual Fund,HDFC Large and Mid Cap Fund — HDFC Large and Mid Cap Fund,2025-09,Delhivery Limited,Transport Services,0.39
HDFC Mutual Fund,HDFC Large and Mid Cap Fund — HDFC Large and Mid Cap Fund,2025-09,KAYNES TECHNOLOGY INDIA LIMITED,Industrial Manufacturing,0.39
HDFC Mutual Fund,HDFC Large and Mid Cap Fund — HDFC Large and Mid Cap Fund,2025-09,Power Grid Corporation of India Ltd.,Power,0.39
HDFC Mutual Fund,HDFC Large and Mid Cap Fund — HDFC Large and Mid Cap Fund,2025-09,The Federal Bank Ltd.,Banks,0.37
HDFC Mutual Fund,HDFC Large and Mid Cap Fund — HDFC Large and Mid Cap Fund,2025-09,Creditaccess Grameen Limited,Finance,0.36
HDFC Mutual Fund,HDFC Large and Mid Cap Fund — HDFC Large and Mid Cap Fund,2025-09,HDFC Life Insurance Company Limited,Insurance,0.34
HDFC Mutual Fund,HDFC Large and Mid Cap Fund — HDFC Large and Mid Cap Fund,2025-09,Avalon Technologies Limited,Electrical Equipment,0.33
HDFC Mutual Fund,HDFC Large and Mid Cap Fund — HDFC Large and Mid Cap Fund,2025-09,Avenue Supermarts Ltd.,Retailing,0.33
HDFC Mutual Fund,HDFC Large and Mid Cap Fund — HDFC Large and Mid Cap Fund,2025-09,Crompton Greaves Consumer Elec. Ltd.,Consumer Durables,0.33
HDFC Mutual Fund,HDFC Large and Mid Cap Fund — HDFC Large and Mid Cap Fund,2025-09,UltraTech Cement Limited,Cement & Cement Products,0.33
HDFC Mutual Fund,HDFC Large and Mid Cap Fund — HDFC Large and Mid Cap Fund,2025-09,LIMITED,Finance,0.31
HDFC Mutual Fund,HDFC Large and Mid Cap Fund — HDFC Large and Mid Cap Fund,2025-09,GAIL (India) Ltd.,Gas,0.3
HDFC Mutual Fund,HDFC Large and Mid Cap Fund — HDFC Large and Mid Cap Fund,2025-09,Oracle Financial Ser Software Ltd. IT -,Software,0.3
HDFC Mutual Fund,HDFC Large and Mid Cap Fund — HDFC Large and Mid Cap Fund,2025-09,Jubilant Foodworks Limited,Leisure Services,0.29
HDFC Mutual Fund,HDFC Large and Mid Cap Fund — HDFC Large and Mid Cap Fund,2025-09,The Phoenix Mills Limited,Realty,0.29
HDFC Mutual Fund,HDFC Large and Mid Cap Fund — HDFC Large and Mid Cap Fund,2025-09,Medi Assist Healthcare Services Limited,Insurance,0.28
HDFC Mutual Fund,HDFC Large and Mid Cap Fund — HDFC Large and Mid Cap Fund,2025-09,Dabur India Ltd.,Personal Products,0.27
HDFC Mutual Fund,HDFC Large and Mid Cap Fund — HDFC Large and Mid Cap Fund,2025-09,Oberoi Realty Ltd.,Realty,0.27
HDFC Mutual Fund,HDFC Large and Mid Cap Fund — HDFC Large and Mid Cap Fund,2025-09,ITC Hotels Limited,Leisure Services,0.03
HDFC Mutual Fund,HDFC Large and Mid Cap Fund — HDFC Large and Mid Cap Fund,2025-09,Delta Corp Ltd.,Leisure Services,0.02
HDFC Mutual Fund,HDFC Large and Mid Cap Fund — HDFC Large and Mid Cap Fund,2025-09,Indigo Paints Limited,Consumer Durables,0.02
HDFC Mutual Fund,HDFC Large and Mid Cap Fund — HDFC Large and Mid Cap Fund,2025-09,Titan Company Ltd.,Consumer Durables,0.02
HDFC Mutual Fund,HDFC Large and Mid Cap Fund — HDFC Large and Mid Cap Fund,2025-09,Godrej Consumer Products Ltd.,Personal Products,0.01
HDFC Mutual Fund,HDFC Large and Mid Cap Fund — HDFC Large and Mid Cap Fund,2025-09,LATENT VIEW ANALYTICS LIMITED IT -,Software,0.01
HDFC Mutual Fund,HDFC Large and Mid Cap Fund — HDFC Large and Mid Cap Fund,2025-09,TCI Express Ltd.,Transport Services,0.01
HDFC Mutual Fund,HDFC Multi Cap Fund — HDFC Multi Cap Fund,2025-09,Bandhan Bank Ltd.,Banks,0.39
HDFC Mutual Fund,HDFC Multi Cap Fund — HDFC Multi Cap Fund,2025-09,Medi Assist Healthcare Services Limited,Insurance,0.39
HDFC Mutual Fund,HDFC Multi Cap Fund — HDFC Multi Cap Fund,2025-09,Havells India Ltd.,Consumer Durables,0.38
HDFC Mutual Fund,HDFC Multi Cap Fund — HDFC Multi Cap Fund,2025-09,REC Limited.,Finance,0.38
HDFC Mutual Fund,HDFC Multi Cap Fund — HDFC Multi Cap Fund,2025-09,Elecon Engineering Comapny Ltd.,Electrical Equipment,0.36
HDFC Mutual Fund,HDFC Multi Cap Fund — HDFC Multi Cap Fund,2025-09,Creditaccess Grameen Limited,Finance,0.35
HDFC Mutual Fund,HDFC Multi Cap Fund — HDFC Multi Cap Fund,2025-09,Limited,Capital Markets,0.35
HDFC Mutual Fund,HDFC Multi Cap Fund — HDFC Multi Cap Fund,2025-09,Bajaj Auto Limited,Automobiles,0.34
HDFC Mutual Fund,HDFC Multi Cap Fund — HDFC Multi Cap Fund,2025-09,CESC Ltd.,Power,0.32
HDFC Mutual Fund,HDFC Multi Cap Fund — HDFC Multi Cap Fund,2025-09,Carborundum Universal Ltd.,Industrial Products,0.32
HDFC Mutual Fund,HDFC Multi Cap Fund — HDFC Multi Cap Fund,2025-09,Sonata Software Ltd. IT -,Software,0.32
HDFC Mutual Fund,HDFC Multi Cap Fund — HDFC Multi Cap Fund,2025-09,Timken India Ltd.,Industrial Products,0.32
HDFC Mutual Fund,HDFC Multi Cap Fund — HDFC Multi Cap Fund,2025-09,Aadhar Housing Finance Limited,Finance,0.31
HDFC Mutual Fund,HDFC Multi Cap Fund — HDFC Multi Cap Fund,2025-09,EIH Ltd.,Leisure Services,0.31
HDFC Mutual Fund,HDFC Multi Cap Fund — HDFC Multi Cap Fund,2025-09,Mahanagar Gas Ltd.,Gas,0.31
HDFC Mutual Fund,HDFC Multi Cap Fund — HDFC Multi Cap Fund,2025-09,Bosch Limited,Auto Components,0.3
HDFC Mutual Fund,HDFC Multi Cap Fund — HDFC Multi Cap Fund,2025-09,Indraprastha Gas Ltd.,Gas,0.3
HDFC Mutual Fund,HDFC Multi Cap Fund — HDFC Multi Cap Fund,2025-09,Ola Electric Mobility Limited,Automobiles,0.3
HDFC Mutual Fund,HDFC Multi Cap Fund — HDFC Multi Cap Fund,2025-09,BIKAJI FOODS INTERNATIONAL LIMITED,Food Products,0.29
HDFC Mutual Fund,HDFC Multi Cap Fund — HDFC Multi Cap Fund,2025-09,Hero MotoCorp Ltd.,Automobiles,0.29
HDFC Mutual Fund,HDFC Multi Cap Fund — HDFC Multi Cap Fund,2025-09,Symphony Ltd.,Consumer Durables,0.29
HDFC Mutual Fund,HDFC Multi Cap Fund — HDFC Multi Cap Fund,2025-09,Birla Corporation Ltd.,Cement & Cement Products,0.28
HDFC Mutual Fund,HDFC Multi Cap Fund — HDFC Multi Cap Fund,2025-09,Delhivery Limited,Transport Services,0.28
HDFC Mutual Fund,HDFC Multi Cap Fund — HDFC Multi Cap Fund,2025-09,Eicher Motors Ltd.,Automobiles,0.28
HDFC Mutual Fund,HDFC Multi Cap Fund — HDFC Multi Cap Fund,2025-09,Crompton Greaves Consumer Elec. Ltd.,Consumer Durables,0.27
HDFC Mutual Fund,HDFC Multi Cap Fund — HDFC Multi Cap Fund,2025-09,Kajaria Ceramics Ltd.,Consumer Durables,0.27
HDFC Mutual Fund,HDFC Multi Cap Fund — HDFC Multi Cap Fund,2025-09,METRO BRANDS LIMITED,Consumer Durables,0.27
HDFC Mutual Fund,HDFC Retirement Savings Fund - Hybrid Equity Plan,2025-09,Limited,Automobiles,2.86
HDFC Mutual Fund,HDFC Retirement Savings Fund - Hybrid Equity Plan,2025-09,Limited,Banks,2.25
HDFC Mutual Fund,HDFC Retirement Savings Fund - Hybrid Equity Plan,2025-09,Ltd. IT -,Software,1.98
HDFC Mutual Fund,HDFC Retirement Savings Fund - Hybrid Equity Plan,2025-09,Ltd.,Construction,1.63
HDFC Mutual Fund,HDFC Retirement Savings Fund - Hybrid Equity Plan,2025-09,Ltd.,Insurance,1.08
HDFC Mutual Fund,HDFC Retirement Savings Fund - Hybrid Equity Plan,2025-09,Ltd,Auto Components,1.05
HDFC Mutual Fund,"(Name changed from HDFC Focused 30 Fund w.e.f. June 27, 2025) An open ended equity scheme CATEGORY OF SCHEME — FOCUSED FUND",2025-10,& Nexus Select Trust REIT,Realty,1.94
HDFC Mutual Fund,"(Name changed from HDFC Focused 30 Fund w.e.f. June 27, 2025) An open ended equity scheme CATEGORY OF SCHEME — FOCUSED FUND",2025-10,9.10 CIE Automotive India Ltd,Auto Components,1.22
HDFC Mutual Fund,"(Name changed from HDFC Focused 30 Fund w.e.f. June 27, 2025) An open ended equity scheme CATEGORY OF SCHEME — FOCUSED FUND",2025-10,7.36 LIMITED,Leisure Services,1.07
HDFC Mutual Fund,"(Name changed from HDFC Focused 30 Fund w.e.f. June 27, 2025) An open ended equity scheme CATEGORY OF SCHEME — FOCUSED FUND",2025-10,Consumer Elec. Ltd.,Consumer Durables,1.06
HDFC Mutual Fund,"(Name changed from HDFC Focused 30 Fund w.e.f. June 27, 2025) An open ended equity scheme CATEGORY OF SCHEME — FOCUSED FUND",2025-10,Limited,Leisure Services,0.6
HDFC Mutual Fund,"(Name changed from HDFC Focused 30 Fund w.e.f. June 27, 2025) An open ended equity scheme CATEGORY OF SCHEME — Regular Plan",2025-10,Ltd. IT -,Software,4.45
HDFC Mutual Fund,"(Name changed from HDFC Focused 30 Fund w.e.f. June 27, 2025) An open ended equity scheme CATEGORY OF SCHEME — Regular Plan",2025-10,Bank Limited,Banks,4.26
HDFC Mutual Fund,"(Name changed from HDFC Focused 30 Fund w.e.f. June 27, 2025) An open ended equity scheme CATEGORY OF SCHEME — Regular Plan",2025-10,Limited,Automobiles,4.02
HDFC Mutual Fund,"(Name changed from HDFC Focused 30 Fund w.e.f. June 27, 2025) An open ended equity scheme CATEGORY OF SCHEME — Regular Plan",2025-10,Company Ltd.,Insurance,3.66
HDFC Mutual Fund,"(Name changed from HDFC Focused 30 Fund w.e.f. June 27, 2025) An open ended equity scheme CATEGORY OF SCHEME — Regular Plan",2025-10,Ltd.,Transport Services,1.85
HDFC Mutual Fund,"(Name changed from HDFC Focused 30 Fund w.e.f. June 27, 2025) An open ended equity scheme CATEGORY OF SCHEME — Regular Plan",2025-10,Ltd.,Banks,1.8
HDFC Mutual Fund,HDFC Arbitrage Fund — ARBITRAGE FUND,2025-10,Limited,Insurance,0.01
HDFC Mutual Fund,HDFC Arbitrage Fund — ARBITRAGE FUND,2025-10,Ltd.,Finance,0.01
HDFC Mutual Fund,HDFC Arbitrage Fund — HDFC Arbitrage Fund,2025-10,RBL Bank Ltd.,Banks,0.11
HDFC Mutual Fund,HDFC Arbitrage Fund — HDFC Arbitrage Fund,2025-10,Suzlon Energy Ltd,Electrical Equipment,0.11
HDFC Mutual Fund,HDFC Arbitrage Fund — HDFC Arbitrage Fund,2025-10,Hindustan Petroleum Corp. Ltd.,Petroleum Products,0.1
HDFC Mutual Fund,HDFC Arbitrage Fund — HDFC Arbitrage Fund,2025-10,Indian Energy Exchange Limited,Capital Markets,0.1
HDFC Mutual Fund,HDFC Arbitrage Fund — HDFC Arbitrage Fund,2025-10,GAIL (India) Ltd.,Gas,0.09
HDFC Mutual Fund,HDFC Arbitrage Fund — HDFC Arbitrage Fund,2025-10,INOX Wind Limited,Electrical Equipment,0.09
HDFC Mutual Fund,HDFC Arbitrage Fund — HDFC Arbitrage Fund,2025-10,SBI Life Insurance Company Ltd.,Insurance,0.09
HDFC Mutual Fund,HDFC Arbitrage Fund — HDFC Arbitrage Fund,2025-10,Bharat Heavy Electricals Ltd.,Electrical Equipment,0.08
HDFC Mutual Fund,HDFC Arbitrage Fund — HDFC Arbitrage Fund,2025-10,Coforge Limited IT -,Software,0.08
HDFC Mutual Fund,HDFC Arbitrage Fund — HDFC Arbitrage Fund,2025-10,L&T Finance Ltd.,Finance,0.08
HDFC Mutual Fund,HDFC Arbitrage Fund — HDFC Arbitrage Fund,2025-10,Max Financial Services Ltd.,Insurance,0.08
HDFC Mutual Fund,HDFC Arbitrage Fund — HDFC Arbitrage Fund,2025-10,Bosch Limited,Auto Components,0.07
HDFC Mutual Fund,HDFC Arbitrage Fund — HDFC Arbitrage Fund,2025-10,Company Ltd.,Insurance,0.07
HDFC Mutual Fund,HDFC Arbitrage Fund — HDFC Arbitrage Fund,2025-10,Delhivery Limited,Transport Services,0.07
HDFC Mutual Fund,HDFC Arbitrage Fund — HDFC Arbitrage Fund,2025-10,Petronet LNG Ltd.,Gas,0.07
HDFC Mutual Fund,HDFC Arbitrage Fund — HDFC Arbitrage Fund,2025-10,Services,Capital Markets,0.06
HDFC Mutual Fund,HDFC Arbitrage Fund — HDFC Arbitrage Fund,2025-10,Oracle Financial Ser Software Ltd. IT -,Software,0.05
HDFC Mutual Fund,HDFC Arbitrage Fund — HDFC Arbitrage Fund,2025-10,Tech Mahindra Ltd. IT -,Software,0.05
HDFC Mutual Fund,HDFC Arbitrage Fund — HDFC Arbitrage Fund,2025-10,Godrej Consumer Products Ltd.,Personal Products,0.04
HDFC Mutual Fund,HDFC Arbitrage Fund — HDFC Arbitrage Fund,2025-10,INFO EDGE (INDIA) LIMITED,Retailing,0.04
HDFC Mutual Fund,HDFC Arbitrage Fund — HDFC Arbitrage Fund,2025-10,Dalmia Bharat Ltd.,Cement & Cement Products,0.03
HDFC Mutual Fund,HDFC Arbitrage Fund — HDFC Arbitrage Fund,2025-10,Jubilant Foodworks Limited,Leisure Services,0.03
HDFC Mutual Fund,HDFC Arbitrage Fund — HDFC Arbitrage Fund,2025-10,NBCC (India) Limited,Construction,0.03
HDFC Mutual Fund,HDFC Arbitrage Fund — HDFC Arbitrage Fund,2025-10,NHPC Ltd.,Power,0.03
HDFC Mutual Fund,HDFC Housing Opportunities Fund,2025-10,Ltd.,Construction,5.92
HDFC Mutual Fund,HDFC Housing Opportunities Fund,2025-10,Ltd.,Transport Services,3.26
HDFC Mutual Fund,HDFC Housing Opportunities Fund,2025-10,Ltd.,Petroleum Products,2.87
HDFC Mutual Fund,HDFC Housing Opportunities Fund,2025-10,Ltd.,Electrical Equipment,1.8
HDFC Mutual Fund,HDFC Housing Opportunities Fund — HDFC Housing Opportunities Fund,2025-10,Ltd.,Realty,4.28
HDFC Mutual Fund,HDFC Housing Opportunities Fund — HDFC Housing Opportunities Fund,2025-10,Ltd,Retailing,2.16
HDFC Mutual Fund,HDFC Housing Opportunities Fund — HDFC Housing Opportunities Fund,2025-10,Ltd.,Finance,1.7
HDFC Mutual Fund,HDFC Housing Opportunities Fund — HDFC Housing Opportunities Fund,2025-10,Limited,Realty,1.61
HDFC Mutual Fund,HDFC Housing Opportunities Fund — HDFC Housing Opportunities Fund,2025-10,Ltd.,Non - Ferrous Metals,1.06
HDFC Mutual Fund,HDFC Housing Opportunities Fund — THEMATIC FUND,2025-10,CanFin Homes Ltd.,Finance,0.98
HDFC Mutual Fund,HDFC Housing Opportunities Fund — THEMATIC FUND,2025-10,9.83 Finolex Cables Ltd.,Industrial Products,0.97
HDFC Mutual Fund,HDFC Housing Opportunities Fund — THEMATIC FUND,2025-10,8.81 Shriram Properties Limited,Realty,0.9
HDFC Mutual Fund,HDFC Housing Opportunities Fund — THEMATIC FUND,2025-10,7.10 Whirlpool of India Ltd.,Consumer Durables,0.84
HDFC Mutual Fund,HDFC Housing Opportunities Fund — THEMATIC FUND,2025-10,Cement Orient Electric Ltd,Consumer Durables,0.83
HDFC Mutual Fund,HDFC Housing Opportunities Fund — THEMATIC FUND,2025-10,6.82 PNC Infratech Ltd.,Construction,0.81
HDFC Mutual Fund,HDFC Housing Opportunities Fund — THEMATIC FUND,2025-10,6.36 Indraprastha Gas Ltd.,Gas,0.8
HDFC Mutual Fund,HDFC Housing Opportunities Fund — THEMATIC FUND,2025-10,6.10 Gujarat Gas Ltd.,Gas,0.77
HDFC Mutual Fund,HDFC Housing Opportunities Fund — THEMATIC FUND,2025-10,Bajaj Electricals Ltd.,Consumer Durables,0.71
HDFC Mutual Fund,HDFC Housing Opportunities Fund — THEMATIC FUND,2025-10,Kajaria Ceramics Ltd.,Consumer Durables,0.47
HDFC Mutual Fund,HDFC Large and Mid Cap Fund — HDFC Large and Mid Cap Fund,2025-10,Bosch Limited,Auto Components,0.39
HDFC Mutual Fund,HDFC Large and Mid Cap Fund — HDFC Large and Mid Cap Fund,2025-10,Dabur India Ltd.,Personal Products,0.38
HDFC Mutual Fund,HDFC Large and Mid Cap Fund — HDFC Large and Mid Cap Fund,2025-10,Delhivery Limited,Transport Services,0.38
HDFC Mutual Fund,HDFC Large and Mid Cap Fund — HDFC Large and Mid Cap Fund,2025-10,Power Grid Corporation of India Ltd.,Power,0.38
HDFC Mutual Fund,HDFC Large and Mid Cap Fund — HDFC Large and Mid Cap Fund,2025-10,Avalon Technologies Limited,Electrical Equipment,0.37
HDFC Mutual Fund,HDFC Large and Mid Cap Fund — HDFC Large and Mid Cap Fund,2025-10,Tata Motors Ltd.,Automobiles,0.37
HDFC Mutual Fund,HDFC Large and Mid Cap Fund — HDFC Large and Mid Cap Fund,2025-10,Creditaccess Grameen Limited,Finance,0.36
HDFC Mutual Fund,HDFC Large and Mid Cap Fund — HDFC Large and Mid Cap Fund,2025-10,Embassy Office Parks REIT,Realty,0.35
HDFC Mutual Fund,HDFC Large and Mid Cap Fund — HDFC Large and Mid Cap Fund,2025-10,KAYNES TECHNOLOGY INDIA LIMITED,Industrial Manufacturing,0.35
HDFC Mutual Fund,HDFC Large and Mid Cap Fund — HDFC Large and Mid Cap Fund,2025-10,Redington Ltd.,Commercial Services & Supplies,0.35
HDFC Mutual Fund,HDFC Large and Mid Cap Fund — HDFC Large and Mid Cap Fund,2025-10,HDFC Life Insurance Company Limited,Insurance,0.31
HDFC Mutual Fund,HDFC Large and Mid Cap Fund — HDFC Large and Mid Cap Fund,2025-10,Crompton Greaves Consumer Elec. Ltd.,Consumer Durables,0.3
HDFC Mutual Fund,HDFC Large and Mid Cap Fund — HDFC Large and Mid Cap Fund,2025-10,GAIL (India) Ltd.,Gas,0.3
HDFC Mutual Fund,HDFC Large and Mid Cap Fund — HDFC Large and Mid Cap Fund,2025-10,LIMITED,Finance,0.3
HDFC Mutual Fund,HDFC Large and Mid Cap Fund — HDFC Large and Mid Cap Fund,2025-10,NHPC Ltd.,Power,0.3
HDFC Mutual Fund,HDFC Large and Mid Cap Fund — HDFC Large and Mid Cap Fund,2025-10,The Phoenix Mills Limited,Realty,0.3
HDFC Mutual Fund,HDFC Large and Mid Cap Fund — HDFC Large and Mid Cap Fund,2025-10,UltraTech Cement Limited,Cement & Cement Products,0.3
HDFC Mutual Fund,HDFC Large and Mid Cap Fund — HDFC Large and Mid Cap Fund,2025-10,Avenue Supermarts Ltd.,Retailing,0.29
HDFC Mutual Fund,HDFC Large and Mid Cap Fund — HDFC Large and Mid Cap Fund,2025-10,Emami Ltd.,Personal Products,0.29
HDFC Mutual Fund,HDFC Large and Mid Cap Fund — HDFC Large and Mid Cap Fund,2025-10,Medi Assist Healthcare Services Limited,Insurance,0.29
HDFC Mutual Fund,HDFC Large and Mid Cap Fund — HDFC Large and Mid Cap Fund,2025-10,Oberoi Realty Ltd.,Realty,0.29
HDFC Mutual Fund,HDFC Large and Mid Cap Fund — HDFC Large and Mid Cap Fund,2025-10,Oracle Financial Ser Software Ltd. IT -,Software,0.29
HDFC Mutual Fund,HDFC Large and Mid Cap Fund — HDFC Large and Mid Cap Fund,2025-10,ACC Ltd.,Cement & Cement Products,0.27
HDFC Mutual Fund,HDFC Large and Mid Cap Fund — HDFC Large and Mid Cap Fund,2025-10,Whirlpool of India Ltd.,Consumer Durables,0.27
HDFC Mutual Fund,HDFC Large and Mid Cap Fund — HDFC Large and Mid Cap Fund,2025-10,Jubilant Foodworks Limited,Leisure Services,0.26
HDFC Mutual Fund,HDFC Large and Mid Cap Fund — HDFC Large and Mid Cap Fund,2025-10,LTIMindtree Limited IT -,Software,0.25
HDFC Mutual Fund,HDFC Large and Mid Cap Fund — HDFC Large and Mid Cap Fund,2025-10,CIE Automotive India Ltd,Auto Components,0.24
HDFC Mutual Fund,HDFC Large and Mid Cap Fund — HDFC Large and Mid Cap Fund,2025-10,Devyani International Ltd,Leisure Services,0.24
HDFC Mutual Fund,HDFC Large and Mid Cap Fund — HDFC Large and Mid Cap Fund,2025-10,Ltd.,Insurance,0.24
HDFC Mutual Fund,HDFC Large and Mid Cap Fund — HDFC Large and Mid Cap Fund,2025-10,Suzlon Energy Ltd,Electrical Equipment,0.24
HDFC Mutual Fund,HDFC Large and Mid Cap Fund — HDFC Large and Mid Cap Fund,2025-10,STL NETWORKS LIMITED,Telecom - Services,0.03
HDFC Mutual Fund,HDFC Large and Mid Cap Fund — HDFC Large and Mid Cap Fund,2025-10,Titan Company Ltd.,Consumer Durables,0.02
HDFC Mutual Fund,HDFC Large and Mid Cap Fund — HDFC Large and Mid Cap Fund,2025-10,Godrej Consumer Products Ltd.,Personal Products,0.01
HDFC Mutual Fund,HDFC Large and Mid Cap Fund — HDFC Large and Mid Cap Fund,2025-10,Indigo Paints Limited,Consumer Durables,0.01
HDFC Mutual Fund,HDFC Large and Mid Cap Fund — HDFC Large and Mid Cap Fund,2025-10,LATENT VIEW ANALYTICS LIMITED IT -,Software,0.01
HDFC Mutual Fund,HDFC Large and Mid Cap Fund — HDFC Large and Mid Cap Fund,2025-10,TCI Express Ltd.,Transport Services,0.01
HDFC Mutual Fund,HDFC Large and Mid Cap Fund — LARGE & MID CAP FUND,2025-10,Limited,Capital Markets,0.13
HDFC Mutual Fund,HDFC Large and Mid Cap Fund — LARGE & MID CAP FUND,2025-10,Ltd.,Auto Components,0.12
HDFC Mutual Fund,HDFC Large and Mid Cap Fund — LARGE & MID CAP FUND,2025-10,Ltd,Insurance,0.1
HDFC Mutual Fund,HDFC Large and Mid Cap Fund — LARGE & MID CAP FUND,2025-10,Ltd.,Construction,0.06
HDFC Mutual Fund,HDFC Large and Mid Cap Fund — Regular Plan,2025-10,Ltd.,Food Products,1.15
HDFC Mutual Fund,HDFC Large and Mid Cap Fund — Regular Plan,2025-10,Ltd.,Insurance,1.14
HDFC Mutual Fund,HDFC Large and Mid Cap Fund — Regular Plan,2025-10,Ltd.,Finance,1.1
HDFC Mutual Fund,HDFC Large and Mid Cap Fund — Regular Plan,2025-10,Limited,Automobiles,1.06
HDFC Mutual Fund,HDFC Large and Mid Cap Fund — Regular Plan,2025-10,Ltd.,Banks,0.99
HDFC Mutual Fund,HDFC Large and Mid Cap Fund — Regular Plan,2025-10,Ltd. IT -,Software,0.82
HDFC Mutual Fund,HDFC Large and Mid Cap Fund — Regular Plan,2025-10,Bank Ltd,Banks,0.79
HDFC Mutual Fund,HDFC Large and Mid Cap Fund — Regular Plan,2025-10,Limited,Power,0.79
HDFC Mutual Fund,HDFC Large and Mid Cap Fund — Regular Plan,2025-10,Ltd.,Auto Components,0.74
HDFC Mutual Fund,"(Name changed from HDFC Focused 30 Fund w.e.f. June 27, 2025) An open ended equity scheme CATEGORY OF SCHEME — FOCUSED FUND",2025-11,Metals 2.05 Nexus Select Trust REIT,Realty,1.86
HDFC Mutual Fund,"(Name changed from HDFC Focused 30 Fund w.e.f. June 27, 2025) An open ended equity scheme CATEGORY OF SCHEME — FOCUSED FUND",2025-11,9.37 CIE Automotive India Ltd,Auto Components,1.11
HDFC Mutual Fund,"(Name changed from HDFC Focused 30 Fund w.e.f. June 27, 2025) An open ended equity scheme CATEGORY OF SCHEME — FOCUSED FUND",2025-11,7.32 Consumer Elec. Ltd.,Consumer Durables,0.95
HDFC Mutual Fund,"(Name changed from HDFC Focused 30 Fund w.e.f. June 27, 2025) An open ended equity scheme CATEGORY OF SCHEME — FOCUSED FUND",2025-11,LIMITED,Leisure Services,0.89
HDFC Mutual Fund,"(Name changed from HDFC Focused 30 Fund w.e.f. June 27, 2025) An open ended equity scheme CATEGORY OF SCHEME — FOCUSED FUND",2025-11,Limited,Leisure Services,0.53
HDFC Mutual Fund,"(Name changed from HDFC Focused 30 Fund w.e.f. June 27, 2025) An open ended equity scheme CATEGORY OF SCHEME — Regular Plan",2025-11,Ltd. IT -,Software,4.61
HDFC Mutual Fund,"(Name changed from HDFC Focused 30 Fund w.e.f. June 27, 2025) An open ended equity scheme CATEGORY OF SCHEME — Regular Plan",2025-11,Bank Limited,Banks,4.13
HDFC Mutual Fund,"(Name changed from HDFC Focused 30 Fund w.e.f. June 27, 2025) An open ended equity scheme CATEGORY OF SCHEME — Regular Plan",2025-11,India Limited,Automobiles,3.79
HDFC Mutual Fund,"(Name changed from HDFC Focused 30 Fund w.e.f. June 27, 2025) An open ended equity scheme CATEGORY OF SCHEME — Regular Plan",2025-11,Company Ltd.,Insurance,3.52
HDFC Mutual Fund,"(Name changed from HDFC Focused 30 Fund w.e.f. June 27, 2025) An open ended equity scheme CATEGORY OF SCHEME — Regular Plan",2025-11,Ltd.,Automobiles,2.5
HDFC Mutual Fund,"(Name changed from HDFC Focused 30 Fund w.e.f. June 27, 2025) An open ended equity scheme CATEGORY OF SCHEME — Regular Plan",2025-11,Ltd.,Transport Services,1.86
HDFC Mutual Fund,"(Name changed from HDFC Focused 30 Fund w.e.f. June 27, 2025) An open ended equity scheme CATEGORY OF SCHEME — Regular Plan",2025-11,Ltd.,Banks,1.76
HDFC Mutual Fund,"(Name changed from HDFC Mid-Cap Opportunities Fund w.e.f. June 27, 2025) An open ended MID CAP FUND",2025-11,Ltd.,Banks,3.58
HDFC Mutual Fund,"(Name changed from HDFC Mid-Cap Opportunities Fund w.e.f. June 27, 2025) An open ended MID CAP FUND",2025-11,Ltd.,Auto Components,3.31
HDFC Mutual Fund,"(Name changed from HDFC Mid-Cap Opportunities Fund w.e.f. June 27, 2025) An open ended MID CAP FUND",2025-11,Ltd.,Finance,2.5
HDFC Mutual Fund,"(Name changed from HDFC Mid-Cap Opportunities Fund w.e.f. June 27, 2025) An open ended MID CAP FUND",2025-11,Limited,Retailing,2.27
HDFC Mutual Fund,HDFC Arbitrage Fund — HDFC Arbitrage Fund,2025-11,Union Bank of India,Banks,0.15
HDFC Mutual Fund,HDFC Arbitrage Fund — HDFC Arbitrage Fund,2025-11,Ambuja Cements Ltd.,Cement & Cement Products,0.14
HDFC Mutual Fund,HDFC Arbitrage Fund — HDFC Arbitrage Fund,2025-11,HFCL Ltd,Telecom - Services,0.14
HDFC Mutual Fund,HDFC Arbitrage Fund — HDFC Arbitrage Fund,2025-11,Life Insurance Corporation of India,Insurance,0.14
HDFC Mutual Fund,HDFC Arbitrage Fund — HDFC Arbitrage Fund,2025-11,Bank of India,Banks,0.13
HDFC Mutual Fund,HDFC Arbitrage Fund — HDFC Arbitrage Fund,2025-11,Indian Energy Exchange Limited,Capital Markets,0.13
HDFC Mutual Fund,HDFC Arbitrage Fund — HDFC Arbitrage Fund,2025-11,MphasiS Limited. IT -,Software,0.13
HDFC Mutual Fund,HDFC Arbitrage Fund — HDFC Arbitrage Fund,2025-11,Bandhan Bank Ltd.,Banks,0.12
HDFC Mutual Fund,HDFC Arbitrage Fund — HDFC Arbitrage Fund,2025-11,Godrej Consumer Products Ltd.,Personal Products,0.12
HDFC Mutual Fund,HDFC Arbitrage Fund — HDFC Arbitrage Fund,2025-11,Hindustan Petroleum Corp. Ltd.,Petroleum Products,0.12
HDFC Mutual Fund,HDFC Arbitrage Fund — HDFC Arbitrage Fund,2025-11,Jindal Steel Limited.,Ferrous Metals,0.12
HDFC Mutual Fund,HDFC Arbitrage Fund — HDFC Arbitrage Fund,2025-11,Power Finance Corporation Ltd.,Finance,0.12
HDFC Mutual Fund,HDFC Arbitrage Fund — HDFC Arbitrage Fund,2025-11,Coforge Limited IT -,Software,0.11
HDFC Mutual Fund,HDFC Arbitrage Fund — HDFC Arbitrage Fund,2025-11,Hindustan Zinc Ltd.,Non - Ferrous Metals,0.11
HDFC Mutual Fund,HDFC Arbitrage Fund — HDFC Arbitrage Fund,2025-11,Limited,Automobiles,0.11
HDFC Mutual Fund,HDFC Arbitrage Fund — HDFC Arbitrage Fund,2025-11,Manappuram Finance Ltd.,Finance,0.11
HDFC Mutual Fund,HDFC Arbitrage Fund — HDFC Arbitrage Fund,2025-11,Max Financial Services Ltd.,Insurance,0.1
HDFC Mutual Fund,HDFC Arbitrage Fund — HDFC Arbitrage Fund,2025-11,HCL Technologies Ltd. IT -,Software,0.09
HDFC Mutual Fund,HDFC Arbitrage Fund — HDFC Arbitrage Fund,2025-11,Indian Oil Corporation Ltd.,Petroleum Products,0.09
HDFC Mutual Fund,HDFC Arbitrage Fund — HDFC Arbitrage Fund,2025-11,LTIMindtree Limited IT -,Software,0.09
HDFC Mutual Fund,HDFC Arbitrage Fund — HDFC Arbitrage Fund,2025-11,Suzlon Energy Ltd,Electrical Equipment,0.09
HDFC Mutual Fund,HDFC Arbitrage Fund — HDFC Arbitrage Fund,2025-11,INOX Wind Limited,Electrical Equipment,0.08
HDFC Mutual Fund,HDFC Arbitrage Fund — HDFC Arbitrage Fund,2025-11,Petronet LNG Ltd.,Gas,0.08
HDFC Mutual Fund,HDFC Arbitrage Fund — HDFC Arbitrage Fund,2025-11,Sona Blw Precision Forgings,Auto Components,0.08
HDFC Mutual Fund,HDFC Dividend Yield Fund,2025-11,Finolex Cables Ltd.,Industrial Products,0.36
HDFC Mutual Fund,HDFC Dividend Yield Fund,2025-11,PNC Infratech Ltd.,Construction,0.32
HDFC Mutual Fund,HDFC Dividend Yield Fund,2025-11,SKF India Ltd.,Auto Components,0.29
HDFC Mutual Fund,HDFC Dividend Yield Fund,2025-11,Company Ltd,Insurance,0.23
HDFC Mutual Fund,HDFC Dividend Yield Fund,2025-11,GO FASHION (INDIA) LIMITED,Retailing,0.22
HDFC Mutual Fund,HDFC Dividend Yield Fund,2025-11,Endurance Technologies Ltd.,Auto Components,0.19
HDFC Mutual Fund,HDFC Dividend Yield Fund,2025-11,STL NETWORKS LIMITED,Telecom - Services,0.19
HDFC Mutual Fund,HDFC Dividend Yield Fund,2025-11,Castrol India Ltd.,Petroleum Products,0.18
HDFC Mutual Fund,HDFC Dividend Yield Fund,2025-11,Afcons Infrastructure Limited,Construction,0.17
HDFC Mutual Fund,HDFC Dividend Yield Fund,2025-11,DAM Capital Advisors Limited,Capital Markets,0.17
HDFC Mutual Fund,HDFC Dividend Yield Fund,2025-11,Diffusion Engineers Limited,Industrial Products,0.17
HDFC Mutual Fund,HDFC Dividend Yield Fund,2025-11,Electronics Mart India Ltd,Retailing,0.17
HDFC Mutual Fund,HDFC Dividend Yield Fund,2025-11,Limited,Automobiles,0.17
HDFC Mutual Fund,HDFC Dividend Yield Fund,2025-11,Birlasoft Limited IT -,Software,0.15
HDFC Mutual Fund,HDFC Dividend Yield Fund,2025-11,EPACK DURABLE LIMITED,Consumer Durables,0.15
HDFC Mutual Fund,HDFC Dividend Yield Fund,2025-11,Jio Financial Services Limited,Finance,0.15
HDFC Mutual Fund,HDFC Dividend Yield Fund,2025-11,Stanley Lifestyles Limited,Consumer Durables,0.15
HDFC Mutual Fund,HDFC Dividend Yield Fund,2025-11,Inox India Limited,Industrial Products,0.14
HDFC Mutual Fund,HDFC Dividend Yield Fund,2025-11,Techno Electric & Engin. Co. Ltd.,Construction,0.14
HDFC Mutual Fund,HDFC Housing Opportunities Fund,2025-11,Ltd.,Construction,6.15
HDFC Mutual Fund,HDFC Housing Opportunities Fund,2025-11,Ltd.,Transport Services,3.52
HDFC Mutual Fund,HDFC Housing Opportunities Fund,2025-11,Ltd.,Petroleum Products,3.12
HDFC Mutual Fund,HDFC Housing Opportunities Fund — HDFC Housing Opportunities Fund,2025-11,Ltd.,Realty,4.22
HDFC Mutual Fund,HDFC Housing Opportunities Fund — HDFC Housing Opportunities Fund,2025-11,Ltd,Retailing,1.79
HDFC Mutual Fund,HDFC Housing Opportunities Fund — HDFC Housing Opportunities Fund,2025-11,Ltd.,Finance,1.74
HDFC Mutual Fund,HDFC Housing Opportunities Fund — HDFC Housing Opportunities Fund,2025-11,Co. Ltd.,Non - Ferrous Metals,1.21
HDFC Mutual Fund,HDFC Housing Opportunities Fund — THEMATIC FUND,2025-11,CanFin Homes Ltd.,Finance,1.03
HDFC Mutual Fund,HDFC Housing Opportunities Fund — THEMATIC FUND,2025-11,10.29 Finolex Cables Ltd.,Industrial Products,0.95
HDFC Mutual Fund,HDFC Housing Opportunities Fund — THEMATIC FUND,2025-11,Limited,Realty,0.87
HDFC Mutual Fund,HDFC Housing Opportunities Fund — THEMATIC FUND,2025-11,6.82 Orient Electric Ltd,Consumer Durables,0.79
HDFC Mutual Fund,HDFC Housing Opportunities Fund — THEMATIC FUND,2025-11,Gujarat Gas Ltd.,Gas,0.77
HDFC Mutual Fund,HDFC Housing Opportunities Fund — THEMATIC FUND,2025-11,6.81 PNC Infratech Ltd.,Construction,0.73
HDFC Mutual Fund,HDFC Housing Opportunities Fund — THEMATIC FUND,2025-11,6.06 Bajaj Electricals Ltd.,Consumer Durables,0.69
HDFC Mutual Fund,HDFC Housing Opportunities Fund — THEMATIC FUND,2025-11,Indraprastha Gas Ltd.,Gas,0.69
HDFC Mutual Fund,HDFC Housing Opportunities Fund — THEMATIC FUND,2025-11,4.64 Kajaria Ceramics Ltd.,Consumer Durables,0.43
HDFC Mutual Fund,HDFC Large and Mid Cap Fund — HDFC Large and Mid Cap Fund,2025-11,Bosch Limited,Auto Components,0.38
HDFC Mutual Fund,HDFC Large and Mid Cap Fund — HDFC Large and Mid Cap Fund,2025-11,Redington Ltd.,Commercial Services & Supplies,0.38
HDFC Mutual Fund,HDFC Large and Mid Cap Fund — HDFC Large and Mid Cap Fund,2025-11,Endurance Technologies Ltd.,Auto Components,0.37
HDFC Mutual Fund,HDFC Large and Mid Cap Fund — HDFC Large and Mid Cap Fund,2025-11,Power Grid Corporation of India Ltd.,Power,0.35
HDFC Mutual Fund,HDFC Large and Mid Cap Fund — HDFC Large and Mid Cap Fund,2025-11,Delhivery Limited,Transport Services,0.34
HDFC Mutual Fund,HDFC Large and Mid Cap Fund — HDFC Large and Mid Cap Fund,2025-11,Creditaccess Grameen Limited,Finance,0.33
HDFC Mutual Fund,HDFC Large and Mid Cap Fund — HDFC Large and Mid Cap Fund,2025-11,HDFC Life Insurance Company Limited,Insurance,0.32
HDFC Mutual Fund,HDFC Large and Mid Cap Fund — HDFC Large and Mid Cap Fund,2025-11,Tata Motors Passenger Vehicles Limited,Automobiles,0.32
HDFC Mutual Fund,HDFC Large and Mid Cap Fund — HDFC Large and Mid Cap Fund,2025-11,Asian Paints Limited,Consumer Durables,0.3
HDFC Mutual Fund,HDFC Large and Mid Cap Fund — HDFC Large and Mid Cap Fund,2025-11,Avalon Technologies Limited,Electrical Equipment,0.3
HDFC Mutual Fund,HDFC Large and Mid Cap Fund — HDFC Large and Mid Cap Fund,2025-11,The Phoenix Mills Limited,Realty,0.3
HDFC Mutual Fund,HDFC Large and Mid Cap Fund — HDFC Large and Mid Cap Fund,2025-11,Emami Ltd.,Personal Products,0.29
HDFC Mutual Fund,HDFC Large and Mid Cap Fund — HDFC Large and Mid Cap Fund,2025-11,LIMITED,Finance,0.29
HDFC Mutual Fund,HDFC Large and Mid Cap Fund — HDFC Large and Mid Cap Fund,2025-11,UltraTech Cement Limited,Cement & Cement Products,0.29
HDFC Mutual Fund,HDFC Large and Mid Cap Fund — HDFC Large and Mid Cap Fund,2025-11,Avenue Supermarts Ltd.,Retailing,0.28
HDFC Mutual Fund,HDFC Large and Mid Cap Fund — HDFC Large and Mid Cap Fund,2025-11,Crompton Greaves Consumer Elec. Ltd.,Consumer Durables,0.28
HDFC Mutual Fund,HDFC Large and Mid Cap Fund — HDFC Large and Mid Cap Fund,2025-11,GAIL (India) Ltd.,Gas,0.28
HDFC Mutual Fund,HDFC Large and Mid Cap Fund — HDFC Large and Mid Cap Fund,2025-11,LTIMindtree Limited IT -,Software,0.27
HDFC Mutual Fund,HDFC Large and Mid Cap Fund — HDFC Large and Mid Cap Fund,2025-11,NHPC Ltd.,Power,0.27
HDFC Mutual Fund,HDFC Large and Mid Cap Fund — HDFC Large and Mid Cap Fund,2025-11,Oberoi Realty Ltd.,Realty,0.27
HDFC Mutual Fund,HDFC Large and Mid Cap Fund — HDFC Large and Mid Cap Fund,2025-11,Oracle Financial Ser Software Ltd. IT -,Software,0.27
HDFC Mutual Fund,HDFC Large and Mid Cap Fund — HDFC Large and Mid Cap Fund,2025-11,ACC Ltd.,Cement & Cement Products,0.26
HDFC Mutual Fund,HDFC Large and Mid Cap Fund — HDFC Large and Mid Cap Fund,2025-11,Jubilant Foodworks Limited,Leisure Services,0.26
HDFC Mutual Fund,HDFC Large and Mid Cap Fund — HDFC Large and Mid Cap Fund,2025-11,Bombay Stock Exchange Limited (BSE),Capital Markets,0.25
HDFC Mutual Fund,HDFC Large and Mid Cap Fund — HDFC Large and Mid Cap Fund,2025-11,Craftsman Automation Ltd,Auto Components,0.03
HDFC Mutual Fund,HDFC Large and Mid Cap Fund — HDFC Large and Mid Cap Fund,2025-11,ITC Hotels Limited,Leisure Services,0.03
HDFC Mutual Fund,HDFC Large and Mid Cap Fund — HDFC Large and Mid Cap Fund,2025-11,STL NETWORKS LIMITED,Telecom - Services,0.03
HDFC Mutual Fund,HDFC Large and Mid Cap Fund — HDFC Large and Mid Cap Fund,2025-11,Delta Corp Ltd.,Leisure Services,0.02
HDFC Mutual Fund,HDFC Large and Mid Cap Fund — HDFC Large and Mid Cap Fund,2025-11,Indigo Paints Limited,Consumer Durables,0.02
HDFC Mutual Fund,HDFC Large and Mid Cap Fund — HDFC Large and Mid Cap Fund,2025-11,Titan Company Ltd.,Consumer Durables,0.02
HDFC Mutual Fund,HDFC Large and Mid Cap Fund — HDFC Large and Mid Cap Fund,2025-11,Godrej Consumer Products Ltd.,Personal Products,0.01
HDFC Mutual Fund,HDFC Large and Mid Cap Fund — HDFC Large and Mid Cap Fund,2025-11,LATENT VIEW ANALYTICS LIMITED IT -,Software,0.01
HDFC Mutual Fund,HDFC Multi Cap Fund — HDFC Multi Cap Fund,2025-11,Medi Assist Healthcare Services Limited,Insurance,0.34
HDFC Mutual Fund,HDFC Multi Cap Fund — HDFC Multi Cap Fund,2025-11,Creditaccess Grameen Limited,Finance,0.32
HDFC Mutual Fund,HDFC Multi Cap Fund — HDFC Multi Cap Fund,2025-11,CESC Ltd.,Power,0.31
HDFC Mutual Fund,HDFC Multi Cap Fund — HDFC Multi Cap Fund,2025-11,Hero MotoCorp Ltd.,Automobiles,0.31
HDFC Mutual Fund,HDFC Multi Cap Fund — HDFC Multi Cap Fund,2025-11,Limited,Capital Markets,0.31
HDFC Mutual Fund,HDFC Multi Cap Fund — HDFC Multi Cap Fund,2025-11,Sonata Software Ltd. IT -,Software,0.31
HDFC Mutual Fund,HDFC Multi Cap Fund — HDFC Multi Cap Fund,2025-11,TD Power Systems Ltd.,Electrical Equipment,0.31
HDFC Mutual Fund,HDFC Multi Cap Fund — HDFC Multi Cap Fund,2025-11,EIH Ltd.,Leisure Services,0.3
HDFC Mutual Fund,HDFC Multi Cap Fund — HDFC Multi Cap Fund,2025-11,KAYNES TECHNOLOGY INDIA LIMITED,Industrial Manufacturing,0.3
HDFC Mutual Fund,HDFC Multi Cap Fund — HDFC Multi Cap Fund,2025-11,Symphony Ltd.,Consumer Durables,0.3
HDFC Mutual Fund,HDFC Multi Cap Fund — HDFC Multi Cap Fund,2025-11,Kalpataru Projects International Ltd,Construction,0.29
HDFC Mutual Fund,HDFC Multi Cap Fund — HDFC Multi Cap Fund,2025-11,Carborundum Universal Ltd.,Industrial Products,0.28
HDFC Mutual Fund,HDFC Multi Cap Fund — HDFC Multi Cap Fund,2025-11,Indraprastha Gas Ltd.,Gas,0.27
HDFC Mutual Fund,HDFC Multi Cap Fund — HDFC Multi Cap Fund,2025-11,Bosch Limited,Auto Components,0.26
HDFC Mutual Fund,HDFC Multi Cap Fund — HDFC Multi Cap Fund,2025-11,Praj Industries Limited,Industrial Manufacturing,0.25
HDFC Mutual Fund,HDFC Multi Cap Fund — HDFC Multi Cap Fund,2025-11,Torrent Power Ltd.,Power,0.25
HDFC Mutual Fund,HDFC Multi Cap Fund — HDFC Multi Cap Fund,2025-11,Birla Corporation Ltd.,Cement & Cement Products,0.24
HDFC Mutual Fund,HDFC Multi Cap Fund — HDFC Multi Cap Fund,2025-11,Birlasoft Limited IT -,Software,0.24
HDFC Mutual Fund,HDFC Multi Cap Fund — HDFC Multi Cap Fund,2025-11,Crompton Greaves Consumer Elec. Ltd.,Consumer Durables,0.23
HDFC Mutual Fund,HDFC Multi Cap Fund — HDFC Multi Cap Fund,2025-11,Godrej Consumer Products Ltd.,Personal Products,0.23
HDFC Mutual Fund,HDFC Multi Cap Fund — HDFC Multi Cap Fund,2025-11,Kajaria Ceramics Ltd.,Consumer Durables,0.23
HDFC Mutual Fund,HDFC Multi Cap Fund — HDFC Multi Cap Fund,2025-11,Tube Investments of India Ltd.,Auto Components,0.22
HDFC Mutual Fund,HDFC Multi Cap Fund — HDFC Multi Cap Fund,2025-11,Le Travenues Technology Limited,Leisure Services,0.21
HDFC Mutual Fund,HDFC Multi Cap Fund — HDFC Multi Cap Fund,2025-11,Ola Electric Mobility Limited,Automobiles,0.21
HDFC Mutual Fund,HDFC Multi Cap Fund — HDFC Multi Cap Fund,2025-11,Hexaware Technologies Ltd. IT -,Software,0.19
HDFC Mutual Fund,HDFC Retirement Savings Fund - Hybrid Equity Plan,2025-11,Ltd.,Petroleum Products,3.59
HDFC Mutual Fund,HDFC Retirement Savings Fund - Hybrid Equity Plan,2025-11,Limited,Automobiles,2.73
HDFC Mutual Fund,HDFC Retirement Savings Fund - Hybrid Equity Plan,2025-11,Ltd. IT -,Software,1.86
HDFC Mutual Fund,HDFC Retirement Savings Fund - Hybrid Equity Plan,2025-11,Ltd.,Construction,1.75
HDFC Mutual Fund,HDFC Retirement Savings Fund - Hybrid Equity Plan,2025-11,Ltd,Auto Components,1.12
HDFC Mutual Fund,HDFC Retirement Savings Fund - Hybrid Equity Plan,2025-11,Ltd.,Insurance,1.12
HDFC Mutual Fund,HDFC Retirement Savings Fund - Hybrid Equity Plan — RETIREMENT FUND,2025-11,6.92 Gujarat State Petronet Ltd.,Gas,0.49
HDFC Mutual Fund,HDFC Retirement Savings Fund - Hybrid Equity Plan — RETIREMENT FUND,2025-11,Delhivery Limited,Transport Services,0.49
HDFC Mutual Fund,HDFC Retirement Savings Fund - Hybrid Equity Plan — RETIREMENT FUND,2025-11,5.56 CIE Automotive India Ltd,Auto Components,0.47
HDFC Mutual Fund,HDFC Retirement Savings Fund - Hybrid Equity Plan — RETIREMENT FUND,2025-11,Sonata Software Ltd. IT -,Software,0.46
HDFC Mutual Fund,HDFC Retirement Savings Fund - Hybrid Equity Plan — RETIREMENT FUND,2025-11,Mahindra & Mahindra Ltd.,Automobiles,0.43
HDFC Mutual Fund,HDFC Retirement Savings Fund - Hybrid Equity Plan — RETIREMENT FUND,2025-11,Bank Ltd,Banks,0.42
HDFC Mutual Fund,HDFC Retirement Savings Fund - Hybrid Equity Plan — RETIREMENT FUND,2025-11,Goodyear India Ltd.,Auto Components,0.39
HDFC Mutual Fund,HDFC Retirement Savings Fund - Hybrid Equity Plan — RETIREMENT FUND,2025-11,GNA Axles Ltd.,Auto Components,0.29
HDFC Mutual Fund,HDFC Arbitrage Fund — ARBITRAGE FUND,2025-12,Ltd.,Auto Components,0.03
HDFC Mutual Fund,HDFC Arbitrage Fund — ARBITRAGE FUND,2025-12,Ltd.,Banks,0.02
HDFC Mutual Fund,HDFC Arbitrage Fund — ARBITRAGE FUND,2025-12,Ltd.,Consumer Durables,0.01
HDFC Mutual Fund,HDFC Arbitrage Fund — HDFC Arbitrage Fund,2025-12,Exide Industries Ltd.,Auto Components,0.15
HDFC Mutual Fund,HDFC Arbitrage Fund — HDFC Arbitrage Fund,2025-12,Jindal Steel Limited.,Ferrous Metals,0.15
HDFC Mutual Fund,HDFC Arbitrage Fund — HDFC Arbitrage Fund,2025-12,RBL Bank Ltd.,Banks,0.14
HDFC Mutual Fund,HDFC Arbitrage Fund — HDFC Arbitrage Fund,2025-12,Sammaan Capital Limited,Finance,0.14
HDFC Mutual Fund,HDFC Arbitrage Fund — HDFC Arbitrage Fund,2025-12,Bank of India,Banks,0.13
HDFC Mutual Fund,HDFC Arbitrage Fund — HDFC Arbitrage Fund,2025-12,Manappuram Finance Ltd.,Finance,0.13
HDFC Mutual Fund,HDFC Arbitrage Fund — HDFC Arbitrage Fund,2025-12,MphasiS Limited. IT -,Software,0.13
HDFC Mutual Fund,HDFC Arbitrage Fund — HDFC Arbitrage Fund,2025-12,Bank of Baroda,Banks,0.12
HDFC Mutual Fund,HDFC Arbitrage Fund — HDFC Arbitrage Fund,2025-12,Max Financial Services Ltd.,Insurance,0.12
HDFC Mutual Fund,HDFC Arbitrage Fund — HDFC Arbitrage Fund,2025-12,Coforge Limited IT -,Software,0.11
HDFC Mutual Fund,HDFC Arbitrage Fund — HDFC Arbitrage Fund,2025-12,Bandhan Bank Ltd.,Banks,0.1
HDFC Mutual Fund,HDFC Arbitrage Fund — HDFC Arbitrage Fund,2025-12,Godrej Consumer Products Ltd.,Personal Products,0.1
HDFC Mutual Fund,HDFC Arbitrage Fund — HDFC Arbitrage Fund,2025-12,Infosys Limited IT -,Software,0.1
HDFC Mutual Fund,HDFC Arbitrage Fund — HDFC Arbitrage Fund,2025-12,REC Limited.,Finance,0.1
HDFC Mutual Fund,HDFC Arbitrage Fund — HDFC Arbitrage Fund,2025-12,Bharat Forge Ltd.,Auto Components,0.09
HDFC Mutual Fund,HDFC Arbitrage Fund — HDFC Arbitrage Fund,2025-12,Hindustan Petroleum Corp. Ltd.,Petroleum Products,0.09
HDFC Mutual Fund,HDFC Arbitrage Fund — HDFC Arbitrage Fund,2025-12,Bharat Heavy Electricals Ltd.,Electrical Equipment,0.08
HDFC Mutual Fund,HDFC Arbitrage Fund — HDFC Arbitrage Fund,2025-12,Company Ltd.,Insurance,0.08
HDFC Mutual Fund,HDFC Arbitrage Fund — HDFC Arbitrage Fund,2025-12,Life Insurance Corporation of India,Insurance,0.08
HDFC Mutual Fund,HDFC Dividend Yield Fund,2025-12,Company Ltd,Insurance,0.22
HDFC Mutual Fund,HDFC Dividend Yield Fund,2025-12,Castrol India Ltd.,Petroleum Products,0.19
HDFC Mutual Fund,HDFC Dividend Yield Fund,2025-12,Diffusion Engineers Limited,Industrial Products,0.19
HDFC Mutual Fund,HDFC Dividend Yield Fund,2025-12,Endurance Technologies Ltd.,Auto Components,0.19
HDFC Mutual Fund,HDFC Dividend Yield Fund,2025-12,Birlasoft Limited IT -,Software,0.18
HDFC Mutual Fund,HDFC Dividend Yield Fund,2025-12,STL NETWORKS LIMITED,Telecom - Services,0.18
HDFC Mutual Fund,HDFC Dividend Yield Fund,2025-12,Afcons Infrastructure Limited,Construction,0.16
HDFC Mutual Fund,HDFC Dividend Yield Fund,2025-12,DAM Capital Advisors Limited,Capital Markets,0.16
HDFC Mutual Fund,HDFC Dividend Yield Fund,2025-12,EPACK DURABLE LIMITED,Consumer Durables,0.16
HDFC Mutual Fund,HDFC Dividend Yield Fund,2025-12,Limited,Automobiles,0.15
HDFC Mutual Fund,HDFC Dividend Yield Fund,2025-12,Electronics Mart India Ltd,Retailing,0.14
HDFC Mutual Fund,HDFC Dividend Yield Fund,2025-12,Inox India Limited,Industrial Products,0.14
HDFC Mutual Fund,HDFC Dividend Yield Fund,2025-12,Jio Financial Services Limited,Finance,0.14
HDFC Mutual Fund,HDFC Dividend Yield Fund,2025-12,KEC International Ltd.,Construction,0.13
HDFC Mutual Fund,HDFC Dividend Yield Fund — Direct Plan,2025-12,Bank Limited,Banks,4.87
HDFC Mutual Fund,HDFC Dividend Yield Fund — Direct Plan,2025-12,Ltd. IT -,Software,4.56
HDFC Mutual Fund,HDFC Dividend Yield Fund — Direct Plan,2025-12,Limited,Automobiles,3.93
HDFC Mutual Fund,HDFC Dividend Yield Fund — Direct Plan,2025-12,Ltd.,Automobiles,2.56
HDFC Mutual Fund,HDFC Dividend Yield Fund — Direct Plan,2025-12,Ltd.,Banks,1.85
HDFC Mutual Fund,HDFC Dividend Yield Fund — Direct Plan,2025-12,India Limited,Automobiles,1.82
HDFC Mutual Fund,HDFC Dividend Yield Fund — FOCUSED FUND,2025-12,- Services 2.38 Nexus Select Trust REIT,Realty,1.75
HDFC Mutual Fund,HDFC Dividend Yield Fund — FOCUSED FUND,2025-12,9.18 CIE Automotive India Ltd,Auto Components,1.14
HDFC Mutual Fund,HDFC Dividend Yield Fund — FOCUSED FUND,2025-12,LIMITED,Leisure Services,0.91
HDFC Mutual Fund,HDFC Dividend Yield Fund — FOCUSED FUND,2025-12,Consumer Elec. Ltd.,Consumer Durables,0.89
HDFC Mutual Fund,HDFC Dividend Yield Fund — FOCUSED FUND,2025-12,Limited,Leisure Services,0.53
HDFC Mutual Fund,HDFC Large and Mid Cap Fund — HDFC Large and Mid Cap Fund,2025-12,Timken India Ltd.,Industrial Products,0.42
HDFC Mutual Fund,HDFC Large and Mid Cap Fund — HDFC Large and Mid Cap Fund,2025-12,Ltd.,Finance,0.41
HDFC Mutual Fund,HDFC Large and Mid Cap Fund — HDFC Large and Mid Cap Fund,2025-12,PNB Housing Finance Ltd.,Finance,0.41
HDFC Mutual Fund,HDFC Large and Mid Cap Fund — HDFC Large and Mid Cap Fund,2025-12,Dabur India Ltd.,Personal Products,0.39
HDFC Mutual Fund,HDFC Large and Mid Cap Fund — HDFC Large and Mid Cap Fund,2025-12,Suzlon Energy Ltd,Electrical Equipment,0.39
HDFC Mutual Fund,HDFC Large and Mid Cap Fund — HDFC Large and Mid Cap Fund,2025-12,Bosch Limited,Auto Components,0.38
HDFC Mutual Fund,HDFC Large and Mid Cap Fund — HDFC Large and Mid Cap Fund,2025-12,Redington Ltd.,Commercial Services & Supplies,0.37
HDFC Mutual Fund,HDFC Large and Mid Cap Fund — HDFC Large and Mid Cap Fund,2025-12,Endurance Technologies Ltd.,Auto Components,0.36
HDFC Mutual Fund,HDFC Large and Mid Cap Fund — HDFC Large and Mid Cap Fund,2025-12,Power Grid Corporation of India Ltd.,Power,0.35
HDFC Mutual Fund,HDFC Large and Mid Cap Fund — HDFC Large and Mid Cap Fund,2025-12,Tata Motors Passenger Vehicles Limited,Automobiles,0.33
HDFC Mutual Fund,HDFC Large and Mid Cap Fund — HDFC Large and Mid Cap Fund,2025-12,Creditaccess Grameen Limited,Finance,0.32
HDFC Mutual Fund,HDFC Large and Mid Cap Fund — HDFC Large and Mid Cap Fund,2025-12,Delhivery Limited,Transport Services,0.32
HDFC Mutual Fund,HDFC Large and Mid Cap Fund — HDFC Large and Mid Cap Fund,2025-12,The Phoenix Mills Limited,Realty,0.32
HDFC Mutual Fund,HDFC Large and Mid Cap Fund — HDFC Large and Mid Cap Fund,2025-12,HDFC Life Insurance Company Limited,Insurance,0.31
HDFC Mutual Fund,HDFC Large and Mid Cap Fund — HDFC Large and Mid Cap Fund,2025-12,Asian Paints Limited,Consumer Durables,0.29
HDFC Mutual Fund,HDFC Large and Mid Cap Fund — HDFC Large and Mid Cap Fund,2025-12,Emami Ltd.,Personal Products,0.29
HDFC Mutual Fund,HDFC Large and Mid Cap Fund — HDFC Large and Mid Cap Fund,2025-12,LIMITED,Finance,0.29
HDFC Mutual Fund,HDFC Large and Mid Cap Fund — HDFC Large and Mid Cap Fund,2025-12,UltraTech Cement Limited,Cement & Cement Products,0.29
HDFC Mutual Fund,HDFC Large and Mid Cap Fund — HDFC Large and Mid Cap Fund,2025-12,Avalon Technologies Limited,Electrical Equipment,0.27
HDFC Mutual Fund,HDFC Large and Mid Cap Fund — HDFC Large and Mid Cap Fund,2025-12,Crompton Greaves Consumer Elec. Ltd.,Consumer Durables,0.27
HDFC Mutual Fund,HDFC Large and Mid Cap Fund — HDFC Large and Mid Cap Fund,2025-12,GAIL (India) Ltd.,Gas,0.27
HDFC Mutual Fund,HDFC Large and Mid Cap Fund — HDFC Large and Mid Cap Fund,2025-12,LTIMindtree Limited IT -,Software,0.27
HDFC Mutual Fund,HDFC Large and Mid Cap Fund — HDFC Large and Mid Cap Fund,2025-12,Ltd.,Insurance,0.27
HDFC Mutual Fund,HDFC Large and Mid Cap Fund — HDFC Large and Mid Cap Fund,2025-12,NHPC Ltd.,Power,0.27
HDFC Mutual Fund,HDFC Large and Mid Cap Fund — HDFC Large and Mid Cap Fund,2025-12,Oberoi Realty Ltd.,Realty,0.27
HDFC Mutual Fund,HDFC Large and Mid Cap Fund — HDFC Large and Mid Cap Fund,2025-12,Billionbrains Garage Ventures Limited,Capital Markets,0.03
HDFC Mutual Fund,HDFC Large and Mid Cap Fund — HDFC Large and Mid Cap Fund,2025-12,ITC Hotels Limited,Leisure Services,0.03
HDFC Mutual Fund,HDFC Large and Mid Cap Fund — HDFC Large and Mid Cap Fund,2025-12,STL NETWORKS LIMITED,Telecom - Services,0.03
HDFC Mutual Fund,HDFC Large and Mid Cap Fund — HDFC Large and Mid Cap Fund,2025-12,UTI Asset Management Company Ltd,Capital Markets,0.03
HDFC Mutual Fund,HDFC Large and Mid Cap Fund — HDFC Large and Mid Cap Fund,2025-12,Cello World Limited,Consumer Durables,0.02
HDFC Mutual Fund,HDFC Large and Mid Cap Fund — HDFC Large and Mid Cap Fund,2025-12,Delta Corp Ltd.,Leisure Services,0.02
HDFC Mutual Fund,HDFC Large and Mid Cap Fund — HDFC Large and Mid Cap Fund,2025-12,ICICI PRUDENTIAL ASSET MANAGEMENT,Capital Markets,0.02
HDFC Mutual Fund,HDFC Large and Mid Cap Fund — HDFC Large and Mid Cap Fund,2025-12,Indigo Paints Limited,Consumer Durables,0.02
HDFC Mutual Fund,HDFC Large and Mid Cap Fund — HDFC Large and Mid Cap Fund,2025-12,Titan Company Ltd.,Consumer Durables,0.02
HDFC Mutual Fund,HDFC Large and Mid Cap Fund — HDFC Large and Mid Cap Fund,2025-12,Godrej Consumer Products Ltd.,Personal Products,0.01
HDFC Mutual Fund,HDFC Large and Mid Cap Fund — HDFC Large and Mid Cap Fund,2025-12,Kwality Wall’s India Limited,Food Products,0.01
HDFC Mutual Fund,HDFC Large and Mid Cap Fund — HDFC Large and Mid Cap Fund,2025-12,LATENT VIEW ANALYTICS LIMITED IT -,Software,0.01
HDFC Mutual Fund,HDFC Multi Cap Fund,2025-12,Ambuja Cements Ltd.,Cement & Cement Products,0.32
HDFC Mutual Fund,HDFC Multi Cap Fund,2025-12,CESC Ltd.,Power,0.31
HDFC Mutual Fund,HDFC Multi Cap Fund,2025-12,Creditaccess Grameen Limited,Finance,0.31
HDFC Mutual Fund,HDFC Multi Cap Fund,2025-12,Symphony Ltd.,Consumer Durables,0.3
HDFC Mutual Fund,HDFC Multi Cap Fund,2025-12,Blue Star Ltd.,Consumer Durables,0.29
HDFC Mutual Fund,HDFC Multi Cap Fund,2025-12,Elecon Engineering Comapny Ltd.,Electrical Equipment,0.29
HDFC Mutual Fund,HDFC Multi Cap Fund,2025-12,Hero MotoCorp Ltd.,Automobiles,0.29
HDFC Mutual Fund,HDFC Multi Cap Fund,2025-12,Kalpataru Projects International Ltd,Construction,0.29
HDFC Mutual Fund,HDFC Multi Cap Fund,2025-12,Praj Industries Limited,Industrial Manufacturing,0.29
HDFC Mutual Fund,HDFC Multi Cap Fund,2025-12,Birlasoft Limited IT -,Software,0.28
HDFC Mutual Fund,HDFC Multi Cap Fund,2025-12,Carborundum Universal Ltd.,Industrial Products,0.28
HDFC Mutual Fund,HDFC Multi Cap Fund,2025-12,TD Power Systems Ltd.,Electrical Equipment,0.28
HDFC Mutual Fund,HDFC Multi Cap Fund,2025-12,Bosch Limited,Auto Components,0.26
HDFC Mutual Fund,HDFC Multi Cap Fund,2025-12,Indraprastha Gas Ltd.,Gas,0.26
HDFC Mutual Fund,HDFC Multi Cap Fund,2025-12,Godrej Consumer Products Ltd.,Personal Products,0.24
HDFC Mutual Fund,HDFC Multi Cap Fund,2025-12,Birla Corporation Ltd.,Cement & Cement Products,0.23
HDFC Mutual Fund,HDFC Multi Cap Fund,2025-12,Crompton Greaves Consumer Elec. Ltd.,Consumer Durables,0.22
HDFC Mutual Fund,HDFC Multi Cap Fund,2025-12,Kajaria Ceramics Ltd.,Consumer Durables,0.21
HDFC Mutual Fund,HDFC Multi Cap Fund,2025-12,Voltas Ltd.,Consumer Durables,0.21
HDFC Mutual Fund,HDFC Multi Cap Fund,2025-12,Le Travenues Technology Limited,Leisure Services,0.2
HDFC Mutual Fund,HDFC Multi Cap Fund,2025-12,Ltd.,Insurance,0.2
HDFC Mutual Fund,HDFC Multi Cap Fund,2025-12,DOMS Industries Limited,Household Products,0.18
HDFC Mutual Fund,HDFC Multi Cap Fund,2025-12,Greenply Industries Ltd.,Consumer Durables,0.17
HDFC Mutual Fund,HDFC Multi Cap Fund,2025-12,Sagar Cements Ltd.,Cement & Cement Products,0.16
HDFC Mutual Fund,HDFC Multi Cap Fund,2025-12,Varroc Engineering Limited,Auto Components,0.15
HDFC Mutual Fund,HDFC Multi Cap Fund,2025-12,Avanti Feeds Ltd.,Food Products,0.14
HDFC Mutual Fund,HDFC Multi Cap Fund,2025-12,CanFin Homes Ltd.,Finance,0.14
HDFC Mutual Fund,HDFC Dividend Yield Fund,2026-01,Ltd. IT -,Software,4.8
HDFC Mutual Fund,HDFC Dividend Yield Fund,2026-01,Limited,Automobiles,3.79
HDFC Mutual Fund,HDFC Dividend Yield Fund,2026-01,Ltd.,Banks,2.13
HDFC Mutual Fund,HDFC Dividend Yield Fund,2026-01,Castrol India Ltd.,Petroleum Products,0.19
HDFC Mutual Fund,HDFC Dividend Yield Fund,2026-01,Endurance Technologies Ltd.,Auto Components,0.19
HDFC Mutual Fund,HDFC Dividend Yield Fund,2026-01,Birlasoft Limited IT -,Software,0.18
HDFC Mutual Fund,HDFC Dividend Yield Fund,2026-01,GO FASHION (INDIA) LIMITED,Retailing,0.17
HDFC Mutual Fund,HDFC Dividend Yield Fund,2026-01,STL NETWORKS LIMITED,Telecom - Services,0.17
HDFC Mutual Fund,HDFC Dividend Yield Fund,2026-01,Afcons Infrastructure Limited,Construction,0.15
HDFC Mutual Fund,HDFC Dividend Yield Fund,2026-01,DAM Capital Advisors Limited,Capital Markets,0.14
HDFC Mutual Fund,HDFC Dividend Yield Fund,2026-01,Diffusion Engineers Limited,Industrial Products,0.14
HDFC Mutual Fund,HDFC Dividend Yield Fund,2026-01,Inox India Limited,Industrial Products,0.14
HDFC Mutual Fund,HDFC Dividend Yield Fund,2026-01,Quess Corp Ltd.,Commercial Services & Supplies,0.14
HDFC Mutual Fund,HDFC Dividend Yield Fund,2026-01,EPACK DURABLE LIMITED,Consumer Durables,0.13
HDFC Mutual Fund,HDFC Dividend Yield Fund,2026-01,Electronics Mart India Ltd,Retailing,0.13
HDFC Mutual Fund,HDFC Dividend Yield Fund,2026-01,Jio Financial Services Limited,Finance,0.13
HDFC Mutual Fund,HDFC Dividend Yield Fund,2026-01,Stanley Lifestyles Limited,Consumer Durables,0.13
HDFC Mutual Fund,HDFC Dividend Yield Fund — FOCUSED FUND,2026-01,Nexus Select Trust REIT,Realty,1.76
HDFC Mutual Fund,HDFC Dividend Yield Fund — FOCUSED FUND,2026-01,CIE Automotive India Ltd,Auto Components,1.13
HDFC Mutual Fund,HDFC Dividend Yield Fund — FOCUSED FUND,2026-01,Consumer Elec. Ltd.,Consumer Durables,0.79
HDFC Mutual Fund,HDFC Dividend Yield Fund — FOCUSED FUND,2026-01,LIMITED,Leisure Services,0.68
HDFC Mutual Fund,HDFC Dividend Yield Fund — FOCUSED FUND,2026-01,4.80 Limited,Leisure Services,0.54
HDFC Mutual Fund,HDFC Large and Mid Cap Fund — HDFC Large and Mid Cap Fund,2026-01,Tata Motors Passenger Vehicles Limited,Automobiles,0.32
HDFC Mutual Fund,HDFC Large and Mid Cap Fund — HDFC Large and Mid Cap Fund,2026-01,UltraTech Cement Limited,Cement & Cement Products,0.32
HDFC Mutual Fund,HDFC Large and Mid Cap Fund — HDFC Large and Mid Cap Fund,2026-01,HDFC Life Insurance Company Limited,Insurance,0.31
HDFC Mutual Fund,HDFC Large and Mid Cap Fund — HDFC Large and Mid Cap Fund,2026-01,The Phoenix Mills Limited,Realty,0.3
HDFC Mutual Fund,HDFC Large and Mid Cap Fund — HDFC Large and Mid Cap Fund,2026-01,Sona Blw Precision Forgings,Auto Components,0.29
HDFC Mutual Fund,HDFC Large and Mid Cap Fund — HDFC Large and Mid Cap Fund,2026-01,NHPC Ltd.,Power,0.28
HDFC Mutual Fund,HDFC Large and Mid Cap Fund — HDFC Large and Mid Cap Fund,2026-01,Avalon Technologies Limited,Electrical Equipment,0.27
HDFC Mutual Fund,HDFC Large and Mid Cap Fund — HDFC Large and Mid Cap Fund,2026-01,Emami Ltd.,Personal Products,0.27
HDFC Mutual Fund,HDFC Large and Mid Cap Fund — HDFC Large and Mid Cap Fund,2026-01,GAIL (India) Ltd.,Gas,0.27
HDFC Mutual Fund,HDFC Large and Mid Cap Fund — HDFC Large and Mid Cap Fund,2026-01,LTIMindtree Limited IT -,Software,0.27
HDFC Mutual Fund,HDFC Large and Mid Cap Fund — HDFC Large and Mid Cap Fund,2026-01,Oracle Financial Ser Software Ltd. IT -,Software,0.27
HDFC Mutual Fund,HDFC Large and Mid Cap Fund — HDFC Large and Mid Cap Fund,2026-01,Asian Paints Limited,Consumer Durables,0.26
HDFC Mutual Fund,HDFC Large and Mid Cap Fund — HDFC Large and Mid Cap Fund,2026-01,Avenue Supermarts Ltd.,Retailing,0.26
HDFC Mutual Fund,HDFC Large and Mid Cap Fund — HDFC Large and Mid Cap Fund,2026-01,LIMITED,Finance,0.26
HDFC Mutual Fund,HDFC Large and Mid Cap Fund — HDFC Large and Mid Cap Fund,2026-01,Ltd.,Insurance,0.26
HDFC Mutual Fund,HDFC Large and Mid Cap Fund — HDFC Large and Mid Cap Fund,2026-01,Bombay Stock Exchange Limited (BSE),Capital Markets,0.25
HDFC Mutual Fund,HDFC Large and Mid Cap Fund — HDFC Large and Mid Cap Fund,2026-01,Oberoi Realty Ltd.,Realty,0.25
HDFC Mutual Fund,HDFC Large and Mid Cap Fund — HDFC Large and Mid Cap Fund,2026-01,ACC Ltd.,Cement & Cement Products,0.24
HDFC Mutual Fund,HDFC Large and Mid Cap Fund — HDFC Large and Mid Cap Fund,2026-01,AIA Engineering Ltd.,Industrial Products,0.24
HDFC Mutual Fund,HDFC Large and Mid Cap Fund — HDFC Large and Mid Cap Fund,2026-01,CIE Automotive India Ltd,Auto Components,0.24
HDFC Mutual Fund,HDFC Large and Mid Cap Fund — HDFC Large and Mid Cap Fund,2026-01,Crompton Greaves Consumer Elec. Ltd.,Consumer Durables,0.24
HDFC Mutual Fund,HDFC Large and Mid Cap Fund — HDFC Large and Mid Cap Fund,2026-01,Bank of India,Banks,0.22
HDFC Mutual Fund,HDFC Large and Mid Cap Fund — HDFC Large and Mid Cap Fund,2026-01,Jubilant Foodworks Limited,Leisure Services,0.22
HDFC Mutual Fund,HDFC Large and Mid Cap Fund — HDFC Large and Mid Cap Fund,2026-01,Union Bank of India,Banks,0.21
HDFC Mutual Fund,HDFC Large and Mid Cap Fund — HDFC Large and Mid Cap Fund,2026-01,VODAFONE IDEA LIMITED,Telecom - Services,0.21
HDFC Mutual Fund,HDFC Large and Mid Cap Fund — HDFC Large and Mid Cap Fund,2026-01,Medi Assist Healthcare Services Limited,Insurance,0.2
HDFC Mutual Fund,HDFC Large and Mid Cap Fund — HDFC Large and Mid Cap Fund,2026-01,Supreme Industries Ltd.,Industrial Products,0.2
HDFC Mutual Fund,HDFC Large and Mid Cap Fund — HDFC Large and Mid Cap Fund,2026-01,Blue Dart Express Ltd.,Transport Services,0.19
HDFC Mutual Fund,HDFC Large and Mid Cap Fund — HDFC Large and Mid Cap Fund,2026-01,Havells India Ltd.,Consumer Durables,0.19
HDFC Mutual Fund,HDFC Large and Mid Cap Fund — HDFC Large and Mid Cap Fund,2026-01,Devyani International Ltd,Leisure Services,0.18
HDFC Mutual Fund,HDFC Large and Mid Cap Fund — HDFC Large and Mid Cap Fund,2026-01,NLC India Ltd.,Power,0.18
HDFC Mutual Fund,HDFC Large and Mid Cap Fund — HDFC Large and Mid Cap Fund,2026-01,Carborundum Universal Ltd.,Industrial Products,0.17
HDFC Mutual Fund,HDFC Large and Mid Cap Fund — HDFC Large and Mid Cap Fund,2026-01,Cholamandalam Financial Holdings Ltd.,Finance,0.17
HDFC Mutual Fund,HDFC Large and Mid Cap Fund — HDFC Large and Mid Cap Fund,2026-01,TENNECO CLEAN AIR INDIA LIMITED,Auto Components,0.04
HDFC Mutual Fund,HDFC Large and Mid Cap Fund — HDFC Large and Mid Cap Fund,2026-01,Central Depository Services (India) Ltd.,Capital Markets,0.03
HDFC Mutual Fund,HDFC Large and Mid Cap Fund — HDFC Large and Mid Cap Fund,2026-01,Fusion Finance Limited,Finance,0.03
HDFC Mutual Fund,HDFC Large and Mid Cap Fund — HDFC Large and Mid Cap Fund,2026-01,Indian Railway Catering And Tourism Corp,Leisure Services,0.03
HDFC Mutual Fund,HDFC Large and Mid Cap Fund — HDFC Large and Mid Cap Fund,2026-01,UTI Asset Management Company Ltd,Capital Markets,0.03
HDFC Mutual Fund,HDFC Large and Mid Cap Fund — HDFC Large and Mid Cap Fund,2026-01,Cello World Limited,Consumer Durables,0.02
HDFC Mutual Fund,HDFC Large and Mid Cap Fund — HDFC Large and Mid Cap Fund,2026-01,ITC Hotels Limited,Leisure Services,0.02
HDFC Mutual Fund,HDFC Large and Mid Cap Fund — HDFC Large and Mid Cap Fund,2026-01,STL NETWORKS LIMITED,Telecom - Services,0.02
HDFC Mutual Fund,HDFC Large and Mid Cap Fund — HDFC Large and Mid Cap Fund,2026-01,Delta Corp Ltd.,Leisure Services,0.01
HDFC Mutual Fund,HDFC Large and Mid Cap Fund — HDFC Large and Mid Cap Fund,2026-01,Godrej Consumer Products Ltd.,Personal Products,0.01
HDFC Mutual Fund,HDFC Large and Mid Cap Fund — HDFC Large and Mid Cap Fund,2026-01,Indigo Paints Limited,Consumer Durables,0.01
HDFC Mutual Fund,HDFC Large and Mid Cap Fund — HDFC Large and Mid Cap Fund,2026-01,Kwality Wall’s India Limited,Food Products,0.01
HDFC Mutual Fund,HDFC Large and Mid Cap Fund — HDFC Large and Mid Cap Fund,2026-01,LATENT VIEW ANALYTICS LIMITED IT -,Software,0.01
HDFC Mutual Fund,HDFC Multi Cap Fund — HDFC Multi Cap Fund,2026-01,Sonata Software Ltd. IT -,Software,0.33
HDFC Mutual Fund,HDFC Multi Cap Fund — HDFC Multi Cap Fund,2026-01,Symphony Ltd.,Consumer Durables,0.33
HDFC Mutual Fund,HDFC Multi Cap Fund — HDFC Multi Cap Fund,2026-01,Blue Star Ltd.,Consumer Durables,0.32
HDFC Mutual Fund,HDFC Multi Cap Fund — HDFC Multi Cap Fund,2026-01,Centum Electronics Ltd.,Industrial Manufacturing,0.32
HDFC Mutual Fund,HDFC Multi Cap Fund — HDFC Multi Cap Fund,2026-01,Ambuja Cements Ltd.,Cement & Cement Products,0.3
HDFC Mutual Fund,HDFC Multi Cap Fund — HDFC Multi Cap Fund,2026-01,Kalpataru Projects International Ltd,Construction,0.29
HDFC Mutual Fund,HDFC Multi Cap Fund — HDFC Multi Cap Fund,2026-01,Medi Assist Healthcare Services Limited,Insurance,0.29
HDFC Mutual Fund,HDFC Multi Cap Fund — HDFC Multi Cap Fund,2026-01,Birlasoft Limited IT -,Software,0.28
HDFC Mutual Fund,HDFC Multi Cap Fund — HDFC Multi Cap Fund,2026-01,DOMS Industries Limited,Household Products,0.27
HDFC Mutual Fund,HDFC Multi Cap Fund — HDFC Multi Cap Fund,2026-01,Praj Industries Limited,Industrial Manufacturing,0.27
HDFC Mutual Fund,HDFC Multi Cap Fund — HDFC Multi Cap Fund,2026-01,Carborundum Universal Ltd.,Industrial Products,0.26
HDFC Mutual Fund,HDFC Multi Cap Fund — HDFC Multi Cap Fund,2026-01,Birla Corporation Ltd.,Cement & Cement Products,0.25
HDFC Mutual Fund,HDFC Multi Cap Fund — HDFC Multi Cap Fund,2026-01,Indraprastha Gas Ltd.,Gas,0.25
HDFC Mutual Fund,HDFC Multi Cap Fund — HDFC Multi Cap Fund,2026-01,TD Power Systems Ltd.,Electrical Equipment,0.23
HDFC Mutual Fund,HDFC Multi Cap Fund — HDFC Multi Cap Fund,2026-01,Kajaria Ceramics Ltd.,Consumer Durables,0.21
HDFC Mutual Fund,HDFC Multi Cap Fund — HDFC Multi Cap Fund,2026-01,Crompton Greaves Consumer Elec. Ltd.,Consumer Durables,0.2
HDFC Mutual Fund,HDFC Multi Cap Fund — HDFC Multi Cap Fund,2026-01,Creditaccess Grameen Limited,Finance,0.18
HDFC Mutual Fund,HDFC Multi Cap Fund — HDFC Multi Cap Fund,2026-01,Le Travenues Technology Limited,Leisure Services,0.17
HDFC Mutual Fund,HDFC Multi Cap Fund — HDFC Multi Cap Fund,2026-01,Sagar Cements Ltd.,Cement & Cement Products,0.15
HDFC Mutual Fund,HDFC Multi Cap Fund — HDFC Multi Cap Fund,2026-01,Varroc Engineering Limited,Auto Components,0.15
HDFC Mutual Fund,HDFC Multi Cap Fund — HDFC Multi Cap Fund,2026-01,Avanti Feeds Ltd.,Food Products,0.14
HDFC Mutual Fund,HDFC Multi Cap Fund — HDFC Multi Cap Fund,2026-01,Greenply Industries Ltd.,Consumer Durables,0.14
HDFC Mutual Fund,HDFC Multi Cap Fund — HDFC Multi Cap Fund,2026-01,Cera Sanitaryware Ltd,Consumer Durables,0.13
HDFC Mutual Fund,HDFC Multi Cap Fund — HDFC Multi Cap Fund,2026-01,Jagran Prakashan Ltd.,Media,0.11
HDFC Mutual Fund,HDFC Multi Cap Fund — HDFC Multi Cap Fund,2026-01,Nilkamal Ltd.,Consumer Durables,0.1
HDFC Mutual Fund,"(Name changed from HDFC Non-Cyclical Consumer Fund w.e.f. March 11, 2026.) CATEGORY OF SCHEME",2026-02,9.03 Shoppers Stop Ltd.,Retailing,0.5
HDFC Mutual Fund,"(Name changed from HDFC Non-Cyclical Consumer Fund w.e.f. March 11, 2026.) CATEGORY OF SCHEME",2026-02,Safari Industries (India) Ltd.,Consumer Durables,0.47
HDFC Mutual Fund,"(Name changed from HDFC Non-Cyclical Consumer Fund w.e.f. March 11, 2026.) CATEGORY OF SCHEME",2026-02,Emami Ltd.,Personal Products,0.4
HDFC Mutual Fund,"(Name changed from HDFC Non-Cyclical Consumer Fund w.e.f. March 11, 2026.) CATEGORY OF SCHEME",2026-02,INFO EDGE (INDIA) LIMITED,Retailing,0.37
HDFC Mutual Fund,"(Name changed from HDFC Non-Cyclical Consumer Fund w.e.f. March 11, 2026.) CATEGORY OF SCHEME",2026-02,Colgate-Palmolive ( I ) Ltd.,Personal Products,0.16
HDFC Mutual Fund,"(Name changed from HDFC Non-Cyclical Consumer Fund w.e.f. March 11, 2026.) CATEGORY OF SCHEME",2026-02,METRO BRANDS LIMITED,Consumer Durables,0.11
HDFC Mutual Fund,"(Name changed from HDFC Non-Cyclical Consumer Fund w.e.f. March 11, 2026.) CATEGORY OF SCHEME",2026-02,Kwality Wall’s (India) Limited,Food Products,0.1
HDFC Mutual Fund,"(Name changed from HDFC Non-Cyclical Consumer Fund w.e.f. March 11, 2026.) CATEGORY OF SCHEME",2026-02,TVS Motor Company Ltd.,Automobiles,0.03
HDFC Mutual Fund,"(Name changed from HDFC Non-Cyclical Consumer Fund w.e.f. March 11, 2026.) CATEGORY OF SCHEME — Direct Plan",2026-02,Limited,Automobiles,1.7
HDFC Mutual Fund,"(Name changed from HDFC Non-Cyclical Consumer Fund w.e.f. March 11, 2026.) CATEGORY OF SCHEME — Direct Plan",2026-02,LIMITED,Retailing,1.67
HDFC Mutual Fund,"(Name changed from HDFC Non-Cyclical Consumer Fund w.e.f. March 11, 2026.) CATEGORY OF SCHEME — Direct Plan",2026-02,Limited,Consumer Durables,1.59
HDFC Mutual Fund,"(Name changed from HDFC Non-Cyclical Consumer Fund w.e.f. March 11, 2026.) CATEGORY OF SCHEME — Direct Plan",2026-02,Limited,Auto Components,1.3
HDFC Mutual Fund,"(Name changed from HDFC Non-Cyclical Consumer Fund w.e.f. March 11, 2026.) CATEGORY OF SCHEME — Direct Plan",2026-02,Ltd.,Transport Services,1.28
HDFC Mutual Fund,"(Name changed from HDFC Non-Cyclical Consumer Fund w.e.f. March 11, 2026.) CATEGORY OF SCHEME — Direct Plan",2026-02,Limited,Retailing,1.12
HDFC Mutual Fund,"(Name changed from HDFC Non-Cyclical Consumer Fund w.e.f. March 11, 2026.) CATEGORY OF SCHEME — Direct Plan",2026-02,Ltd,Leisure Services,0.89
HDFC Mutual Fund,"(Name changed from HDFC Non-Cyclical Consumer Fund w.e.f. March 11, 2026.) CATEGORY OF SCHEME — Direct Plan",2026-02,INDIA LIMITED,Leisure Services,0.64
HDFC Mutual Fund,HDFC Arbitrage Fund — HDFC Arbitrage Fund,2026-02,Exide Industries Ltd.,Auto Components,0.15
HDFC Mutual Fund,HDFC Arbitrage Fund — HDFC Arbitrage Fund,2026-02,Hero MotoCorp Ltd.,Automobiles,0.15
HDFC Mutual Fund,HDFC Arbitrage Fund — HDFC Arbitrage Fund,2026-02,PNB Housing Finance Ltd.,Finance,0.15
HDFC Mutual Fund,HDFC Arbitrage Fund — HDFC Arbitrage Fund,2026-02,Kalyan Jewellers India Ltd,Consumer Durables,0.14
HDFC Mutual Fund,HDFC Arbitrage Fund — HDFC Arbitrage Fund,2026-02,Bank of Baroda,Banks,0.13
HDFC Mutual Fund,HDFC Arbitrage Fund — HDFC Arbitrage Fund,2026-02,Delhivery Limited,Transport Services,0.13
HDFC Mutual Fund,HDFC Arbitrage Fund — HDFC Arbitrage Fund,2026-02,INOX Wind Limited,Electrical Equipment,0.13
HDFC Mutual Fund,HDFC Arbitrage Fund — HDFC Arbitrage Fund,2026-02,Adani Green Energy Limited,Power,0.12
HDFC Mutual Fund,HDFC Arbitrage Fund — HDFC Arbitrage Fund,2026-02,Au Small Finance Bank Ltd.,Banks,0.12
HDFC Mutual Fund,HDFC Arbitrage Fund — HDFC Arbitrage Fund,2026-02,The Tata Power Company Ltd.,Power,0.11
HDFC Mutual Fund,HDFC Arbitrage Fund — HDFC Arbitrage Fund,2026-02,Company Ltd.,Insurance,0.1
HDFC Mutual Fund,HDFC Arbitrage Fund — HDFC Arbitrage Fund,2026-02,Mazagon Dock Shipbuilders Ltd,Industrial Manufacturing,0.1
HDFC Mutual Fund,HDFC Arbitrage Fund — HDFC Arbitrage Fund,2026-02,Manappuram Finance Ltd.,Finance,0.09
HDFC Mutual Fund,HDFC Arbitrage Fund — HDFC Arbitrage Fund,2026-02,Hindustan Petroleum Corp. Ltd.,Petroleum Products,0.08
HDFC Mutual Fund,HDFC Arbitrage Fund — HDFC Arbitrage Fund,2026-02,Indian Hotels Company Ltd.,Leisure Services,0.08
HDFC Mutual Fund,HDFC Arbitrage Fund — HDFC Arbitrage Fund,2026-02,RBL Bank Ltd.,Banks,0.08
HDFC Mutual Fund,HDFC Arbitrage Fund — HDFC Arbitrage Fund,2026-02,Tech Mahindra Ltd. IT -,Software,0.08
HDFC Mutual Fund,HDFC Arbitrage Fund — HDFC Arbitrage Fund,2026-02,Dabur India Ltd.,Personal Products,0.07
HDFC Mutual Fund,HDFC Dividend Yield Fund,2026-02,STL NETWORKS LIMITED,Telecom - Services,0.18
HDFC Mutual Fund,HDFC Dividend Yield Fund,2026-02,Birlasoft Limited IT -,Software,0.17
HDFC Mutual Fund,HDFC Dividend Yield Fund,2026-02,Diffusion Engineers Limited,Industrial Products,0.16
HDFC Mutual Fund,HDFC Dividend Yield Fund,2026-02,EPACK DURABLE LIMITED,Consumer Durables,0.15
HDFC Mutual Fund,HDFC Dividend Yield Fund,2026-02,Electronics Mart India Ltd,Retailing,0.15
HDFC Mutual Fund,HDFC Dividend Yield Fund,2026-02,Techno Electric & Engin. Co. Ltd.,Construction,0.15
HDFC Mutual Fund,HDFC Dividend Yield Fund,2026-02,Voltamp Transformers Ltd.,Electrical Equipment,0.15
HDFC Mutual Fund,HDFC Dividend Yield Fund,2026-02,Inox India Limited,Industrial Products,0.14
HDFC Mutual Fund,HDFC Dividend Yield Fund,2026-02,Afcons Infrastructure Limited,Construction,0.13
HDFC Mutual Fund,HDFC Dividend Yield Fund,2026-02,GO FASHION (INDIA) LIMITED,Retailing,0.13
HDFC Mutual Fund,HDFC Dividend Yield Fund,2026-02,Jio Financial Services Limited,Finance,0.13
HDFC Mutual Fund,HDFC Dividend Yield Fund,2026-02,Popular Vehicles and Services Limited,Automobiles,0.13
HDFC Mutual Fund,HDFC Dividend Yield Fund,2026-02,DAM Capital Advisors Limited,Capital Markets,0.12
HDFC Mutual Fund,HDFC Dividend Yield Fund,2026-02,KEC International Ltd.,Construction,0.11
HDFC Mutual Fund,HDFC Dividend Yield Fund,2026-02,Stanley Lifestyles Limited,Consumer Durables,0.11
HDFC Mutual Fund,HDFC Dividend Yield Fund,2026-02,Rishabh instruments Limited,Electrical Equipment,0.1
HDFC Mutual Fund,HDFC Focused Fund — FOCUSED FUND,2026-02,Nexus Select Trust REIT,Realty,1.79
HDFC Mutual Fund,HDFC Focused Fund — FOCUSED FUND,2026-02,Bosch Limited,Auto Components,1.34
HDFC Mutual Fund,HDFC Focused Fund — FOCUSED FUND,2026-02,9.50 CIE Automotive India Ltd,Auto Components,1.23
HDFC Mutual Fund,HDFC Focused Fund — FOCUSED FUND,2026-02,7.65 Eternal Limited,Retailing,1.15
HDFC Mutual Fund,HDFC Focused Fund — FOCUSED FUND,2026-02,LIMITED,Leisure Services,0.71
HDFC Mutual Fund,HDFC Focused Fund — FOCUSED FUND,2026-02,3.97 Limited,Leisure Services,0.52
HDFC Mutual Fund,HDFC Focused Fund — HDFC Focused Fund,2026-02,• ICICI Bank Ltd.,Banks,9.5
HDFC Mutual Fund,HDFC Focused Fund — HDFC Focused Fund,2026-02,• HDFC Bank Ltd.£,Banks,9.17
HDFC Mutual Fund,HDFC Focused Fund — HDFC Focused Fund,2026-02,• Axis Bank Ltd.,Banks,7.65
HDFC Mutual Fund,HDFC Focused Fund — HDFC Focused Fund,2026-02,2026 Ltd.,Insurance,3.53
HDFC Mutual Fund,HDFC Focused Fund — HDFC Focused Fund,2026-02,Havells India Ltd.,Consumer Durables,2.62
HDFC Mutual Fund,HDFC Focused Fund — HDFC Focused Fund,2026-02,Tata Steel Ltd.,Ferrous Metals,2.5
HDFC Mutual Fund,HDFC Focused Fund — HDFC Focused Fund,2026-02,InterGlobe Aviation Ltd.,Transport Services,2.1
HDFC Mutual Fund,HDFC Focused Fund — HDFC Focused Fund,2026-02,Limited (Nykaa),Retailing,1.96
HDFC Mutual Fund,HDFC Focused Fund — HDFC Focused Fund,2026-02,Bajaj Auto Limited,Automobiles,1.72
HDFC Mutual Fund,HDFC Focused Fund — HDFC Focused Fund,2026-02,Including Additional Expenses and Goods and Hyundai Motor India Limited,Automobiles,1.68
HDFC Mutual Fund,HDFC Focused Fund — HDFC Focused Fund,2026-02,Service Tax on Management Fees Chalet Hotels Ltd.,Leisure Services,1.53
HDFC Mutual Fund,HDFC Focused Fund — HDFC Focused Fund,2026-02,Regular: 1.60% Direct: 0.63% Sundram Fasteners Ltd.,Auto Components,1.38
HDFC Mutual Fund,HDFC Large and Mid Cap Fund — HDFC Large and Mid Cap Fund,2026-02,Vishal Mega Mart Limited,Retailing,0.39
HDFC Mutual Fund,HDFC Large and Mid Cap Fund — HDFC Large and Mid Cap Fund,2026-02,Bosch Limited,Auto Components,0.38
HDFC Mutual Fund,HDFC Large and Mid Cap Fund — HDFC Large and Mid Cap Fund,2026-02,Five-Star Business Finance Limited,Finance,0.38
HDFC Mutual Fund,HDFC Large and Mid Cap Fund — HDFC Large and Mid Cap Fund,2026-02,Redington Ltd.,Commercial Services & Supplies,0.38
HDFC Mutual Fund,HDFC Large and Mid Cap Fund — HDFC Large and Mid Cap Fund,2026-02,Tech Mahindra Ltd. IT -,Software,0.38
HDFC Mutual Fund,HDFC Large and Mid Cap Fund — HDFC Large and Mid Cap Fund,2026-02,Endurance Technologies Ltd.,Auto Components,0.37
HDFC Mutual Fund,HDFC Large and Mid Cap Fund — HDFC Large and Mid Cap Fund,2026-02,PNB Housing Finance Ltd.,Finance,0.36
HDFC Mutual Fund,HDFC Large and Mid Cap Fund — HDFC Large and Mid Cap Fund,2026-02,Delhivery Limited,Transport Services,0.35
HDFC Mutual Fund,HDFC Large and Mid Cap Fund — HDFC Large and Mid Cap Fund,2026-02,Tata Motors Passenger Vehicles Limited,Automobiles,0.35
HDFC Mutual Fund,HDFC Large and Mid Cap Fund — HDFC Large and Mid Cap Fund,2026-02,Avalon Technologies Limited,Electrical Equipment,0.32
HDFC Mutual Fund,HDFC Large and Mid Cap Fund — HDFC Large and Mid Cap Fund,2026-02,Creditaccess Grameen Limited,Finance,0.32
HDFC Mutual Fund,HDFC Large and Mid Cap Fund — HDFC Large and Mid Cap Fund,2026-02,Suzlon Energy Ltd,Electrical Equipment,0.32
HDFC Mutual Fund,HDFC Large and Mid Cap Fund — HDFC Large and Mid Cap Fund,2026-02,UltraTech Cement Limited,Cement & Cement Products,0.32
HDFC Mutual Fund,HDFC Large and Mid Cap Fund — HDFC Large and Mid Cap Fund,2026-02,Sona Blw Precision Forgings,Auto Components,0.31
HDFC Mutual Fund,HDFC Large and Mid Cap Fund — HDFC Large and Mid Cap Fund,2026-02,HDFC Life Insurance Company Limited,Insurance,0.3
HDFC Mutual Fund,HDFC Large and Mid Cap Fund — HDFC Large and Mid Cap Fund,2026-02,The Phoenix Mills Limited,Realty,0.29
HDFC Mutual Fund,HDFC Large and Mid Cap Fund — HDFC Large and Mid Cap Fund,2026-02,Crompton Greaves Consumer Elec. Ltd.,Consumer Durables,0.28
HDFC Mutual Fund,HDFC Large and Mid Cap Fund — HDFC Large and Mid Cap Fund,2026-02,Avenue Supermarts Ltd.,Retailing,0.27
HDFC Mutual Fund,HDFC Large and Mid Cap Fund — HDFC Large and Mid Cap Fund,2026-02,CIE Automotive India Ltd,Auto Components,0.27
HDFC Mutual Fund,HDFC Large and Mid Cap Fund — HDFC Large and Mid Cap Fund,2026-02,GAIL (India) Ltd.,Gas,0.27
HDFC Mutual Fund,HDFC Large and Mid Cap Fund — HDFC Large and Mid Cap Fund,2026-02,ICICI Prudential Life Insurance Company Ltd.,Insurance,0.27
HDFC Mutual Fund,HDFC Large and Mid Cap Fund — HDFC Large and Mid Cap Fund,2026-02,Bombay Stock Exchange Limited (BSE),Capital Markets,0.26
HDFC Mutual Fund,HDFC Large and Mid Cap Fund — HDFC Large and Mid Cap Fund,2026-02,NHPC Ltd.,Power,0.26
HDFC Mutual Fund,HDFC Large and Mid Cap Fund — HDFC Large and Mid Cap Fund,2026-02,SBI CARDS AND PAYMENT SERVICES LIMITED,Finance,0.26
HDFC Mutual Fund,HDFC Large and Mid Cap Fund — HDFC Large and Mid Cap Fund,2026-02,Asian Paints Limited,Consumer Durables,0.25
HDFC Mutual Fund,HDFC Large and Mid Cap Fund — HDFC Large and Mid Cap Fund,2026-02,Emami Ltd.,Personal Products,0.25
HDFC Mutual Fund,HDFC Large and Mid Cap Fund — HDFC Large and Mid Cap Fund,2026-02,Oberoi Realty Ltd.,Realty,0.25
HDFC Mutual Fund,HDFC Large and Mid Cap Fund — HDFC Large and Mid Cap Fund,2026-02,Fusion Finance Limited,Finance,0.03
HDFC Mutual Fund,HDFC Large and Mid Cap Fund — HDFC Large and Mid Cap Fund,2026-02,IKIO Technologies Limited,Consumer Durables,0.03
HDFC Mutual Fund,HDFC Large and Mid Cap Fund — HDFC Large and Mid Cap Fund,2026-02,Indian Railway Catering And Tourism Corp,Leisure Services,0.03
HDFC Mutual Fund,HDFC Large and Mid Cap Fund — HDFC Large and Mid Cap Fund,2026-02,Titan Company Ltd.,Consumer Durables,0.03
HDFC Mutual Fund,HDFC Large and Mid Cap Fund — HDFC Large and Mid Cap Fund,2026-02,UTI Asset Management Company Ltd,Capital Markets,0.03
HDFC Mutual Fund,HDFC Large and Mid Cap Fund — HDFC Large and Mid Cap Fund,2026-02,Cello World Limited,Consumer Durables,0.02
HDFC Mutual Fund,HDFC Large and Mid Cap Fund — HDFC Large and Mid Cap Fund,2026-02,ICICI PRUDENTIAL ASSET MANAGEMENT,Capital Markets,0.02
HDFC Mutual Fund,HDFC Large and Mid Cap Fund — HDFC Large and Mid Cap Fund,2026-02,ITC Hotels Limited,Leisure Services,0.02
HDFC Mutual Fund,HDFC Large and Mid Cap Fund — HDFC Large and Mid Cap Fund,2026-02,STL NETWORKS LIMITED,Telecom - Services,0.02
HDFC Mutual Fund,HDFC Large and Mid Cap Fund — HDFC Large and Mid Cap Fund,2026-02,Delta Corp Ltd.,Leisure Services,0.01
HDFC Mutual Fund,HDFC Large and Mid Cap Fund — HDFC Large and Mid Cap Fund,2026-02,Godrej Consumer Products Ltd.,Personal Products,0.01
HDFC Mutual Fund,HDFC Large and Mid Cap Fund — HDFC Large and Mid Cap Fund,2026-02,Indigo Paints Limited,Consumer Durables,0.01
HDFC Mutual Fund,HDFC Large and Mid Cap Fund — HDFC Large and Mid Cap Fund,2026-02,LATENT VIEW ANALYTICS LIMITED IT -,Software,0.01
HDFC Mutual Fund,HDFC Multi Cap Fund — HDFC Multi Cap Fund,2026-02,JK Tyre & Industries Limited,Auto Components,0.43
HDFC Mutual Fund,HDFC Multi Cap Fund — HDFC Multi Cap Fund,2026-02,Zensar Technologies Ltd. IT -,Software,0.43
HDFC Mutual Fund,HDFC Multi Cap Fund — HDFC Multi Cap Fund,2026-02,Cholamandalam Financial Holdings Ltd.,Finance,0.41
HDFC Mutual Fund,HDFC Multi Cap Fund — HDFC Multi Cap Fund,2026-02,KAYNES TECHNOLOGY INDIA LIMITED,Industrial Manufacturing,0.39
HDFC Mutual Fund,HDFC Multi Cap Fund — HDFC Multi Cap Fund,2026-02,Centum Electronics Ltd.,Industrial Manufacturing,0.36
HDFC Mutual Fund,HDFC Multi Cap Fund — HDFC Multi Cap Fund,2026-02,LTIMindtree Limited IT -,Software,0.34
HDFC Mutual Fund,HDFC Multi Cap Fund — HDFC Multi Cap Fund,2026-02,Elecon Engineering Comapny Ltd.,Electrical Equipment,0.33
HDFC Mutual Fund,HDFC Multi Cap Fund — HDFC Multi Cap Fund,2026-02,Kalpataru Projects International Ltd,Construction,0.32
HDFC Mutual Fund,HDFC Multi Cap Fund — HDFC Multi Cap Fund,2026-02,DOMS Industries Limited,Household Products,0.31
HDFC Mutual Fund,HDFC Multi Cap Fund — HDFC Multi Cap Fund,2026-02,Praj Industries Limited,Industrial Manufacturing,0.29
HDFC Mutual Fund,HDFC Multi Cap Fund — HDFC Multi Cap Fund,2026-02,Symphony Ltd.,Consumer Durables,0.28
HDFC Mutual Fund,HDFC Multi Cap Fund — HDFC Multi Cap Fund,2026-02,Carborundum Universal Ltd.,Industrial Products,0.27
HDFC Mutual Fund,HDFC Multi Cap Fund — HDFC Multi Cap Fund,2026-02,Medi Assist Healthcare Services Limited,Insurance,0.27
HDFC Mutual Fund,HDFC Multi Cap Fund — HDFC Multi Cap Fund,2026-02,Sonata Software Ltd. IT -,Software,0.27
HDFC Mutual Fund,HDFC Multi Cap Fund — HDFC Multi Cap Fund,2026-02,Le Travenues Technology Limited,Leisure Services,0.24
HDFC Mutual Fund,HDFC Multi Cap Fund — HDFC Multi Cap Fund,2026-02,Crompton Greaves Consumer Elec. Ltd.,Consumer Durables,0.23
HDFC Mutual Fund,HDFC Multi Cap Fund — HDFC Multi Cap Fund,2026-02,Kajaria Ceramics Ltd.,Consumer Durables,0.21
HDFC Mutual Fund,HDFC Multi Cap Fund — HDFC Multi Cap Fund,2026-02,Cera Sanitaryware Ltd,Consumer Durables,0.14
HDFC Mutual Fund,HDFC Multi Cap Fund — HDFC Multi Cap Fund,2026-02,Greenply Industries Ltd.,Consumer Durables,0.14
HDFC Mutual Fund,HDFC Multi Cap Fund — HDFC Multi Cap Fund,2026-02,Sagar Cements Ltd.,Cement & Cement Products,0.14
HDFC Mutual Fund,HDFC Retirement Savings Fund - Hybrid Equity Plan — HDFC Retirement Savings Fund - Hybrid Equity Plan,2026-02,Limited,Banks,2.68
HDFC Mutual Fund,HDFC Retirement Savings Fund - Hybrid Equity Plan — HDFC Retirement Savings Fund - Hybrid Equity Plan,2026-02,Limited,Automobiles,2.62
HDFC Mutual Fund,HDFC Retirement Savings Fund - Hybrid Equity Plan — HDFC Retirement Savings Fund - Hybrid Equity Plan,2026-02,Services Ltd. IT -,Software,2.32
HDFC Mutual Fund,HDFC Retirement Savings Fund - Hybrid Equity Plan — HDFC Retirement Savings Fund - Hybrid Equity Plan,2026-02,Ltd.,Construction,1.88
HDFC Mutual Fund,HDFC Retirement Savings Fund - Hybrid Equity Plan — HDFC Retirement Savings Fund - Hybrid Equity Plan,2026-02,Ltd. IT -,Software,1.63
HDFC Mutual Fund,HDFC Retirement Savings Fund - Hybrid Equity Plan — HDFC Retirement Savings Fund - Hybrid Equity Plan,2026-02,Ltd.,Insurance,1.22
HDFC Mutual Fund,HDFC Retirement Savings Fund - Hybrid Equity Plan — HDFC Retirement Savings Fund - Hybrid Equity Plan,2026-02,Ltd,Auto Components,1.06
HDFC Mutual Fund,HDFC Retirement Savings Fund - Hybrid Equity Plan — RETIREMENT FUND,2026-02,GNA Axles Ltd.,Auto Components,0.39
HDFC Mutual Fund,HDFC Retirement Savings Fund - Hybrid Equity Plan — RETIREMENT FUND,2026-02,Huhtamaki India Limited,Industrial Products,0.39
HDFC Mutual Fund,HDFC Retirement Savings Fund - Hybrid Equity Plan — RETIREMENT FUND,2026-02,Goodyear India Ltd.,Auto Components,0.37
HDFC Mutual Fund,HDFC Retirement Savings Fund - Hybrid Equity Plan — RETIREMENT FUND,2026-02,1.22 Sonata Software Ltd. IT -,Software,0.35
HDFC Mutual Fund,HDFC Retirement Savings Fund - Hybrid Equity Plan — RETIREMENT FUND,2026-02,1.12 Limited,Industrial Products,0.33
HDFC Mutual Fund,HDFC Retirement Savings Fund - Hybrid Equity Plan — RETIREMENT FUND,2026-02,1.16 Finolex Industries Ltd.,Industrial Products,0.33
HDFC Mutual Fund,HDFC Retirement Savings Fund - Hybrid Equity Plan — RETIREMENT FUND,2026-02,Bajaj Electricals Ltd.,Consumer Durables,0.28
HDFC Mutual Fund,HDFC Retirement Savings Fund - Hybrid Equity Plan — RETIREMENT FUND,2026-02,& Wipro Ltd. IT -,Software,0.24
HDFC Mutual Fund,HDFC Retirement Savings Fund - Hybrid Equity Plan — RETIREMENT FUND,2026-02,KEC International Ltd.,Construction,0.14
HDFC Mutual Fund,HDFC Retirement Savings Fund - Hybrid Equity Plan — RETIREMENT FUND,2026-02,Services Limited,Automobiles,0.13
HDFC Mutual Fund,HDFC Retirement Savings Fund - Hybrid Equity Plan — RETIREMENT FUND,2026-02,Nilkamal Ltd.,Consumer Durables,0.12
HDFC Mutual Fund,"(Name changed from HDFC Non-Cyclical Consumer Fund w.e.f. March 11, 2026.) An open ended CATEGORY OF SCHEME",2026-03,Ltd.,Petroleum Products,6.13
HDFC Mutual Fund,"(Name changed from HDFC Non-Cyclical Consumer Fund w.e.f. March 11, 2026.) An open ended CATEGORY OF SCHEME",2026-03,Limited,Automobiles,3.88
HDFC Mutual Fund,"(Name changed from HDFC Non-Cyclical Consumer Fund w.e.f. March 11, 2026.) An open ended CATEGORY OF SCHEME",2026-03,Ltd.,Automobiles,3.25
HDFC Mutual Fund,"(Name changed from HDFC Non-Cyclical Consumer Fund w.e.f. March 11, 2026.) An open ended CATEGORY OF SCHEME",2026-03,Ltd.,Non - Ferrous Metals,2.2
HDFC Mutual Fund,"(Name changed from HDFC Non-Cyclical Consumer Fund w.e.f. March 11, 2026.) An open ended CATEGORY OF SCHEME — Regular Plan",2026-03,Ltd.,Personal Products,4.66
HDFC Mutual Fund,"(Name changed from HDFC Non-Cyclical Consumer Fund w.e.f. March 11, 2026.) An open ended CATEGORY OF SCHEME — Regular Plan",2026-03,Ltd.,Automobiles,3.91
HDFC Mutual Fund,"(Name changed from HDFC Non-Cyclical Consumer Fund w.e.f. March 11, 2026.) An open ended CATEGORY OF SCHEME — Regular Plan",2026-03,LIMITED,Retailing,1.77
HDFC Mutual Fund,"(Name changed from HDFC Non-Cyclical Consumer Fund w.e.f. March 11, 2026.) An open ended CATEGORY OF SCHEME — Regular Plan",2026-03,Limited,Auto Components,1.72
HDFC Mutual Fund,HDFC Dividend Yield Fund,2026-03,Castrol India Ltd.,Petroleum Products,0.2
HDFC Mutual Fund,HDFC Dividend Yield Fund,2026-03,Diffusion Engineers Limited,Industrial Products,0.17
HDFC Mutual Fund,HDFC Dividend Yield Fund,2026-03,Birlasoft Limited IT -,Software,0.16
HDFC Mutual Fund,HDFC Dividend Yield Fund,2026-03,Inox India Limited,Industrial Products,0.16
HDFC Mutual Fund,HDFC Dividend Yield Fund,2026-03,STL NETWORKS LIMITED,Telecom - Services,0.15
HDFC Mutual Fund,HDFC Dividend Yield Fund,2026-03,Electronics Mart India Ltd,Retailing,0.14
HDFC Mutual Fund,HDFC Dividend Yield Fund,2026-03,Jio Financial Services Limited,Finance,0.13
HDFC Mutual Fund,HDFC Dividend Yield Fund,2026-03,Popular Vehicles and Services Limited,Automobiles,0.13
HDFC Mutual Fund,HDFC Dividend Yield Fund,2026-03,GO FASHION (INDIA) LIMITED,Retailing,0.12
HDFC Mutual Fund,HDFC Dividend Yield Fund,2026-03,KEC International Ltd.,Construction,0.11
HDFC Mutual Fund,HDFC Dividend Yield Fund — FOCUSED FUND,2026-03,3.68 Nexus Select Trust REIT,Realty,1.87
HDFC Mutual Fund,HDFC Dividend Yield Fund — FOCUSED FUND,2026-03,9.33 Bosch Limited,Auto Components,1.19
HDFC Mutual Fund,HDFC Dividend Yield Fund — FOCUSED FUND,2026-03,7.21 LIMITED,Leisure Services,0.59
HDFC Mutual Fund,HDFC Dividend Yield Fund — FOCUSED FUND,2026-03,Limited,Leisure Services,0.53
HDFC Mutual Fund,HDFC Dividend Yield Fund — Regular Plan,2026-03,Limited,Automobiles,3.58
HDFC Mutual Fund,HDFC Dividend Yield Fund — Regular Plan,2026-03,Ltd.,Transport Services,2.91
HDFC Mutual Fund,HDFC Dividend Yield Fund — Regular Plan,2026-03,Ltd.,Banks,2.25
HDFC Mutual Fund,HDFC Dividend Yield Fund — Regular Plan,2026-03,India Ltd.,Consumer Durables,1.4
HDFC Mutual Fund,HDFC Dividend Yield Fund — Regular Plan,2026-03,Ltd,Auto Components,1.31
HDFC Mutual Fund,HDFC Housing Opportunities Fund,2026-03,Ltd.,Construction,7.09
HDFC Mutual Fund,HDFC Housing Opportunities Fund,2026-03,Ltd.,Petroleum Products,3.34
HDFC Mutual Fund,HDFC Housing Opportunities Fund,2026-03,Ltd.,Transport Services,2.53
HDFC Mutual Fund,HDFC Housing Opportunities Fund,2026-03,Ltd.,Electrical Equipment,2.4
HDFC Mutual Fund,HDFC Housing Opportunities Fund — HDFC Housing Opportunities Fund,2026-03,Ltd.,Realty,3.37
HDFC Mutual Fund,HDFC Housing Opportunities Fund — HDFC Housing Opportunities Fund,2026-03,Ltd.,Finance,1.73
HDFC Mutual Fund,HDFC Housing Opportunities Fund — HDFC Housing Opportunities Fund,2026-03,Ltd,Retailing,1.48
HDFC Mutual Fund,HDFC Housing Opportunities Fund — HDFC Housing Opportunities Fund,2026-03,Ltd.,Non - Ferrous Metals,1.07
HDFC Mutual Fund,HDFC Large and Mid Cap Fund — HDFC Large and Mid Cap Fund,2026-03,Vishal Mega Mart Limited,Retailing,0.39
HDFC Mutual Fund,HDFC Large and Mid Cap Fund — HDFC Large and Mid Cap Fund,2026-03,Delhivery Limited,Transport Services,0.38
HDFC Mutual Fund,HDFC Large and Mid Cap Fund — HDFC Large and Mid Cap Fund,2026-03,Hyundai Motor India Limited,Automobiles,0.37
HDFC Mutual Fund,HDFC Large and Mid Cap Fund — HDFC Large and Mid Cap Fund,2026-03,Ltd.,Finance,0.37
HDFC Mutual Fund,HDFC Large and Mid Cap Fund — HDFC Large and Mid Cap Fund,2026-03,PNB Housing Finance Ltd.,Finance,0.37
HDFC Mutual Fund,HDFC Large and Mid Cap Fund — HDFC Large and Mid Cap Fund,2026-03,Dabur India Ltd.,Personal Products,0.36
HDFC Mutual Fund,HDFC Large and Mid Cap Fund — HDFC Large and Mid Cap Fund,2026-03,Five-Star Business Finance Limited,Finance,0.36
HDFC Mutual Fund,HDFC Large and Mid Cap Fund — HDFC Large and Mid Cap Fund,2026-03,Endurance Technologies Ltd.,Auto Components,0.35
HDFC Mutual Fund,HDFC Large and Mid Cap Fund — HDFC Large and Mid Cap Fund,2026-03,Bosch Limited,Auto Components,0.34
HDFC Mutual Fund,HDFC Large and Mid Cap Fund — HDFC Large and Mid Cap Fund,2026-03,Avalon Technologies Limited,Electrical Equipment,0.33
HDFC Mutual Fund,HDFC Large and Mid Cap Fund — HDFC Large and Mid Cap Fund,2026-03,Creditaccess Grameen Limited,Finance,0.33
HDFC Mutual Fund,HDFC Large and Mid Cap Fund — HDFC Large and Mid Cap Fund,2026-03,Suzlon Energy Ltd,Electrical Equipment,0.33
HDFC Mutual Fund,HDFC Large and Mid Cap Fund — HDFC Large and Mid Cap Fund,2026-03,Avenue Supermarts Ltd.,Retailing,0.31
HDFC Mutual Fund,HDFC Large and Mid Cap Fund — HDFC Large and Mid Cap Fund,2026-03,Redington Ltd.,Commercial Services & Supplies,0.31
HDFC Mutual Fund,HDFC Large and Mid Cap Fund — HDFC Large and Mid Cap Fund,2026-03,Sona Blw Precision Forgings,Auto Components,0.31
HDFC Mutual Fund,HDFC Large and Mid Cap Fund — HDFC Large and Mid Cap Fund,2026-03,UltraTech Cement Limited,Cement & Cement Products,0.31
HDFC Mutual Fund,HDFC Large and Mid Cap Fund — HDFC Large and Mid Cap Fund,2026-03,Bombay Stock Exchange Limited (BSE),Capital Markets,0.3
HDFC Mutual Fund,HDFC Large and Mid Cap Fund — HDFC Large and Mid Cap Fund,2026-03,Tata Motors Passenger Vehicles Limited,Automobiles,0.3
HDFC Mutual Fund,HDFC Large and Mid Cap Fund — HDFC Large and Mid Cap Fund,2026-03,The Phoenix Mills Limited,Realty,0.3
HDFC Mutual Fund,HDFC Large and Mid Cap Fund — HDFC Large and Mid Cap Fund,2026-03,NHPC Ltd.,Power,0.29
HDFC Mutual Fund,HDFC Large and Mid Cap Fund — HDFC Large and Mid Cap Fund,2026-03,CIE Automotive India Ltd,Auto Components,0.28
HDFC Mutual Fund,HDFC Large and Mid Cap Fund — HDFC Large and Mid Cap Fund,2026-03,HDFC Life Insurance Company Limited,Insurance,0.28
HDFC Mutual Fund,HDFC Large and Mid Cap Fund — HDFC Large and Mid Cap Fund,2026-03,Crompton Greaves Consumer Elec. Ltd.,Consumer Durables,0.27
HDFC Mutual Fund,HDFC Large and Mid Cap Fund — HDFC Large and Mid Cap Fund,2026-03,SAPPHIRE FOODS INDIA LIMITED,Leisure Services,0.04
HDFC Mutual Fund,HDFC Large and Mid Cap Fund — HDFC Large and Mid Cap Fund,2026-03,TENNECO CLEAN AIR INDIA LIMITED,Auto Components,0.04
HDFC Mutual Fund,HDFC Large and Mid Cap Fund — HDFC Large and Mid Cap Fund,2026-03,Billionbrains Garage Ventures Limited,Capital Markets,0.03
HDFC Mutual Fund,HDFC Large and Mid Cap Fund — HDFC Large and Mid Cap Fund,2026-03,Central Depository Services (India) Ltd.,Capital Markets,0.03
HDFC Mutual Fund,HDFC Large and Mid Cap Fund — HDFC Large and Mid Cap Fund,2026-03,Fusion Finance Limited,Finance,0.03
HDFC Mutual Fund,HDFC Large and Mid Cap Fund — HDFC Large and Mid Cap Fund,2026-03,IKIO Technologies Limited,Consumer Durables,0.03
HDFC Mutual Fund,HDFC Large and Mid Cap Fund — HDFC Large and Mid Cap Fund,2026-03,Indian Railway Catering And Tourism,Leisure Services,0.03
HDFC Mutual Fund,HDFC Large and Mid Cap Fund — HDFC Large and Mid Cap Fund,2026-03,Titan Company Ltd.,Consumer Durables,0.03
HDFC Mutual Fund,HDFC Large and Mid Cap Fund — HDFC Large and Mid Cap Fund,2026-03,UTI Asset Management Company Ltd,Capital Markets,0.03
HDFC Mutual Fund,HDFC Large and Mid Cap Fund — HDFC Large and Mid Cap Fund,2026-03,Cello World Limited,Consumer Durables,0.02
HDFC Mutual Fund,HDFC Large and Mid Cap Fund — HDFC Large and Mid Cap Fund,2026-03,ICICI PRUDENTIAL ASSET MANAGEMENT,Capital Markets,0.02
HDFC Mutual Fund,HDFC Large and Mid Cap Fund — HDFC Large and Mid Cap Fund,2026-03,ITC Hotels Limited,Leisure Services,0.02
HDFC Mutual Fund,HDFC Large and Mid Cap Fund — HDFC Large and Mid Cap Fund,2026-03,STL NETWORKS LIMITED,Telecom - Services,0.02
HDFC Mutual Fund,HDFC Large and Mid Cap Fund — HDFC Large and Mid Cap Fund,2026-03,Delta Corp Ltd.,Leisure Services,0.01
HDFC Mutual Fund,HDFC Large and Mid Cap Fund — HDFC Large and Mid Cap Fund,2026-03,Godrej Consumer Products Ltd.,Personal Products,0.01
HDFC Mutual Fund,HDFC Large and Mid Cap Fund — HDFC Large and Mid Cap Fund,2026-03,Indigo Paints Limited,Consumer Durables,0.01
HDFC Mutual Fund,HDFC Multi Cap Fund — HDFC Multi Cap Fund,2026-03,METRO BRANDS LIMITED,Consumer Durables,0.45
HDFC Mutual Fund,HDFC Multi Cap Fund — HDFC Multi Cap Fund,2026-03,Godrej Consumer Products Ltd.,Personal Products,0.44
HDFC Mutual Fund,HDFC Multi Cap Fund — HDFC Multi Cap Fund,2026-03,JK Tyre & Industries Limited,Auto Components,0.44
HDFC Mutual Fund,HDFC Multi Cap Fund — HDFC Multi Cap Fund,2026-03,Aditya Birla Capital ltd.,Finance,0.43
HDFC Mutual Fund,HDFC Multi Cap Fund — HDFC Multi Cap Fund,2026-03,Zensar Technologies Ltd. IT -,Software,0.43
HDFC Mutual Fund,HDFC Multi Cap Fund — HDFC Multi Cap Fund,2026-03,Gulf Oil Lubricants India Ltd.,Petroleum Products,0.42
HDFC Mutual Fund,HDFC Multi Cap Fund — HDFC Multi Cap Fund,2026-03,Multi Commodity Exchange of India L,Capital Markets,0.41
HDFC Mutual Fund,HDFC Multi Cap Fund — HDFC Multi Cap Fund,2026-03,Praj Industries Limited,Industrial Manufacturing,0.41
HDFC Mutual Fund,HDFC Multi Cap Fund — HDFC Multi Cap Fund,2026-03,KAYNES TECHNOLOGY INDIA LIMITED,Industrial Manufacturing,0.39
HDFC Mutual Fund,HDFC Multi Cap Fund — HDFC Multi Cap Fund,2026-03,Cholamandalam Financial Holdings Ltd.,Finance,0.38
HDFC Mutual Fund,HDFC Multi Cap Fund — HDFC Multi Cap Fund,2026-03,LTIMindtree Limited IT -,Software,0.34
HDFC Mutual Fund,HDFC Multi Cap Fund — HDFC Multi Cap Fund,2026-03,Blue Star Ltd.,Consumer Durables,0.31
HDFC Mutual Fund,HDFC Multi Cap Fund — HDFC Multi Cap Fund,2026-03,Kalpataru Projects International Ltd,Construction,0.3
HDFC Mutual Fund,HDFC Multi Cap Fund — HDFC Multi Cap Fund,2026-03,Le Travenues Technology Limited,Leisure Services,0.28
HDFC Mutual Fund,HDFC Multi Cap Fund — HDFC Multi Cap Fund,2026-03,Symphony Ltd.,Consumer Durables,0.27
HDFC Mutual Fund,HDFC Multi Cap Fund — HDFC Multi Cap Fund,2026-03,Medi Assist Healthcare Services Limited,Insurance,0.24
HDFC Mutual Fund,HDFC Multi Cap Fund — HDFC Multi Cap Fund,2026-03,Sonata Software Ltd. IT -,Software,0.24
HDFC Mutual Fund,HDFC Multi Cap Fund — HDFC Multi Cap Fund,2026-03,Crompton Greaves Consumer Elec. Ltd.,Consumer Durables,0.22
HDFC Mutual Fund,HDFC Retirement Savings Fund - Equity Plan,2026-03,Ltd.,Petroleum Products,4.74
HDFC Mutual Fund,HDFC Retirement Savings Fund - Equity Plan,2026-03,Limited,Automobiles,3.13
HDFC Mutual Fund,HDFC Retirement Savings Fund - Equity Plan,2026-03,Ltd.,Construction,2.25
HDFC Mutual Fund,HDFC Retirement Savings Fund - Equity Plan,2026-03,Ltd. IT -,Software,2.15
HDFC Mutual Fund,HDFC Retirement Savings Fund - Hybrid Equity Plan — RETIREMENT FUND,2026-03,Timken India Ltd.,Industrial Products,0.42
HDFC Mutual Fund,HDFC Retirement Savings Fund - Hybrid Equity Plan — RETIREMENT FUND,2026-03,Ltd,Banks,0.39
HDFC Mutual Fund,HDFC Retirement Savings Fund - Hybrid Equity Plan — RETIREMENT FUND,2026-03,GNA Axles Ltd.,Auto Components,0.37
HDFC Mutual Fund,HDFC Retirement Savings Fund - Hybrid Equity Plan — RETIREMENT FUND,2026-03,Huhtamaki India Limited,Industrial Products,0.37
HDFC Mutual Fund,HDFC Retirement Savings Fund - Hybrid Equity Plan — RETIREMENT FUND,2026-03,Goodyear India Ltd.,Auto Components,0.34
HDFC Mutual Fund,HDFC Retirement Savings Fund - Hybrid Equity Plan — RETIREMENT FUND,2026-03,Sonata Software Ltd. IT -,Software,0.31
HDFC Mutual Fund,HDFC Retirement Savings Fund - Hybrid Equity Plan — RETIREMENT FUND,2026-03,Limited,Industrial Products,0.3
HDFC Mutual Fund,HDFC Retirement Savings Fund - Hybrid Equity Plan — RETIREMENT FUND,2026-03,& Bajaj Electricals Ltd.,Consumer Durables,0.29
HDFC Mutual Fund,HDFC Retirement Savings Fund - Hybrid Equity Plan — RETIREMENT FUND,2026-03,1.03 Finolex Industries Ltd.,Industrial Products,0.29
HDFC Mutual Fund,HDFC Retirement Savings Fund - Hybrid Equity Plan — RETIREMENT FUND,2026-03,Wipro Ltd. IT -,Software,0.24
HDFC Mutual Fund,HDFC Retirement Savings Fund - Hybrid Equity Plan — RETIREMENT FUND,2026-03,KEC International Ltd.,Construction,0.13
HDFC Mutual Fund,HDFC Retirement Savings Fund - Hybrid Equity Plan — Regular Plan,2026-03,Ltd.,Power,1.92
HDFC Mutual Fund,HDFC Retirement Savings Fund - Hybrid Equity Plan — Regular Plan,2026-03,Bajaj Auto Limited,Automobiles,1.43
HDFC Mutual Fund,HDFC Retirement Savings Fund - Hybrid Equity Plan — Regular Plan,2026-03,Insurance Co,Insurance,1.11
HDFC Mutual Fund,HDFC Retirement Savings Fund - Hybrid Equity Plan — Regular Plan,2026-03,Ltd.,Insurance,0.87
HDFC Mutual Fund,HDFC Retirement Savings Fund - Hybrid Equity Plan — Regular Plan,2026-03,Tata Steel Ltd.,Ferrous Metals,0.87
HDFC Mutual Fund,"(Name changed from HDFC Non-Cyclical Consumer Fund w.e.f. March 11, 2026.) An open ended CATEGORY OF SCHEME — Regular Plan",2026-04,Ltd.,Automobiles,5.47
HDFC Mutual Fund,"(Name changed from HDFC Non-Cyclical Consumer Fund w.e.f. March 11, 2026.) An open ended CATEGORY OF SCHEME — Regular Plan",2026-04,Ltd.,Personal Products,4.44
HDFC Mutual Fund,"(Name changed from HDFC Non-Cyclical Consumer Fund w.e.f. March 11, 2026.) An open ended CATEGORY OF SCHEME — Regular Plan",2026-04,Ltd.,Food Products,2.99
HDFC Mutual Fund,"(Name changed from HDFC Non-Cyclical Consumer Fund w.e.f. March 11, 2026.) An open ended CATEGORY OF SCHEME — Regular Plan",2026-04,Limited,Auto Components,1.84
HDFC Mutual Fund,HDFC Arbitrage Fund — HDFC Arbitrage Fund,2026-04,Max Financial Services Ltd.,Insurance,0.17
HDFC Mutual Fund,HDFC Arbitrage Fund — HDFC Arbitrage Fund,2026-04,Sammaan Capital Limited,Finance,0.17
HDFC Mutual Fund,HDFC Arbitrage Fund — HDFC Arbitrage Fund,2026-04,Prestige Estates Projects Ltd.,Realty,0.16
HDFC Mutual Fund,HDFC Arbitrage Fund — HDFC Arbitrage Fund,2026-04,Adani Green Energy Limited,Power,0.15
HDFC Mutual Fund,HDFC Arbitrage Fund — HDFC Arbitrage Fund,2026-04,Britannia Industries Ltd.,Food Products,0.15
HDFC Mutual Fund,HDFC Arbitrage Fund — HDFC Arbitrage Fund,2026-04,Hindustan Petroleum Corp. Ltd.,Petroleum Products,0.15
HDFC Mutual Fund,HDFC Arbitrage Fund — HDFC Arbitrage Fund,2026-04,Indian Hotels Company Ltd.,Leisure Services,0.15
HDFC Mutual Fund,HDFC Arbitrage Fund — HDFC Arbitrage Fund,2026-04,RBL Bank Ltd.,Banks,0.14
HDFC Mutual Fund,HDFC Arbitrage Fund — HDFC Arbitrage Fund,2026-04,Limited,Insurance,0.13
HDFC Mutual Fund,HDFC Arbitrage Fund — HDFC Arbitrage Fund,2026-04,REC Limited.,Finance,0.13
HDFC Mutual Fund,HDFC Arbitrage Fund — HDFC Arbitrage Fund,2026-04,Avenue Supermarts Ltd.,Retailing,0.11
HDFC Mutual Fund,HDFC Arbitrage Fund — HDFC Arbitrage Fund,2026-04,Exide Industries Ltd.,Auto Components,0.1
HDFC Mutual Fund,HDFC Arbitrage Fund — HDFC Arbitrage Fund,2026-04,Waaree Energies Limited,Electrical Equipment,0.1
HDFC Mutual Fund,HDFC Arbitrage Fund — HDFC Arbitrage Fund,2026-04,Dabur India Ltd.,Personal Products,0.09
HDFC Mutual Fund,HDFC Arbitrage Fund — HDFC Arbitrage Fund,2026-04,JSW Energy Ltd.,Power,0.09
HDFC Mutual Fund,HDFC Arbitrage Fund — HDFC Arbitrage Fund,2026-04,Ltd.,Transport Services,0.09
HDFC Mutual Fund,HDFC Arbitrage Fund — HDFC Arbitrage Fund,2026-04,Muthoot Finance Ltd.,Finance,0.09
HDFC Mutual Fund,HDFC Arbitrage Fund — HDFC Arbitrage Fund,2026-04,Bank of India,Banks,0.08
HDFC Mutual Fund,HDFC Arbitrage Fund — HDFC Arbitrage Fund,2026-04,INFO EDGE (INDIA) LIMITED,Retailing,0.08
HDFC Mutual Fund,HDFC Arbitrage Fund — HDFC Arbitrage Fund,2026-04,Cummins India Ltd.,Industrial Products,0.07
HDFC Mutual Fund,HDFC Arbitrage Fund — HDFC Arbitrage Fund,2026-04,Mazagon Dock Shipbuilders Ltd,Industrial Manufacturing,0.07
HDFC Mutual Fund,HDFC Arbitrage Fund — HDFC Arbitrage Fund,2026-04,Supreme Industries Ltd.,Industrial Products,0.07
HDFC Mutual Fund,HDFC Arbitrage Fund — HDFC Arbitrage Fund,2026-04,Bosch Limited,Auto Components,0.06
HDFC Mutual Fund,HDFC Arbitrage Fund — HDFC Arbitrage Fund,2026-04,Infosys Limited IT -,Software,0.06
HDFC Mutual Fund,HDFC Large and Mid Cap Fund — Direct Plan,2026-04,Limited,Realty,1.61
HDFC Mutual Fund,HDFC Large and Mid Cap Fund — Direct Plan,2026-04,Ltd. IT -,Software,1.53
HDFC Mutual Fund,HDFC Large and Mid Cap Fund — Direct Plan,2026-04,Ltd.,Food Products,1.41
HDFC Mutual Fund,HDFC Large and Mid Cap Fund — Direct Plan,2026-04,Ltd.,Finance,1.36
HDFC Mutual Fund,HDFC Large and Mid Cap Fund — Direct Plan,2026-04,Limited,Automobiles,1.31
HDFC Mutual Fund,HDFC Large and Mid Cap Fund — Direct Plan,2026-04,Ltd.,Insurance,1.21
HDFC Mutual Fund,HDFC Large and Mid Cap Fund — HDFC Large and Mid Cap Fund,2026-04,Bombay Stock Exchange Limited (BSE),Capital Markets,0.36
HDFC Mutual Fund,HDFC Large and Mid Cap Fund — HDFC Large and Mid Cap Fund,2026-04,Dabur India Ltd.,Personal Products,0.35
HDFC Mutual Fund,HDFC Large and Mid Cap Fund — HDFC Large and Mid Cap Fund,2026-04,Sona Blw Precision Forgings,Auto Components,0.35
HDFC Mutual Fund,HDFC Large and Mid Cap Fund — HDFC Large and Mid Cap Fund,2026-04,Hyundai Motor India Limited,Automobiles,0.34
HDFC Mutual Fund,HDFC Large and Mid Cap Fund — HDFC Large and Mid Cap Fund,2026-04,Avalon Technologies Limited,Electrical Equipment,0.33
HDFC Mutual Fund,HDFC Large and Mid Cap Fund — HDFC Large and Mid Cap Fund,2026-04,Creditaccess Grameen Limited,Finance,0.33
HDFC Mutual Fund,HDFC Large and Mid Cap Fund — HDFC Large and Mid Cap Fund,2026-04,Endurance Technologies Ltd.,Auto Components,0.33
HDFC Mutual Fund,HDFC Large and Mid Cap Fund — HDFC Large and Mid Cap Fund,2026-04,Oracle Financial Ser Software Ltd. IT -,Software,0.33
HDFC Mutual Fund,HDFC Large and Mid Cap Fund — HDFC Large and Mid Cap Fund,2026-04,Avenue Supermarts Ltd.,Retailing,0.32
HDFC Mutual Fund,HDFC Large and Mid Cap Fund — HDFC Large and Mid Cap Fund,2026-04,Tata Motors Passenger Vehicles Limited,Automobiles,0.31
HDFC Mutual Fund,HDFC Large and Mid Cap Fund — HDFC Large and Mid Cap Fund,2026-04,The Phoenix Mills Limited,Realty,0.31
HDFC Mutual Fund,HDFC Large and Mid Cap Fund — HDFC Large and Mid Cap Fund,2026-04,Crompton Greaves Consumer Elec. Ltd.,Consumer Durables,0.3
HDFC Mutual Fund,HDFC Large and Mid Cap Fund — HDFC Large and Mid Cap Fund,2026-04,NHPC Ltd.,Power,0.29
HDFC Mutual Fund,HDFC Large and Mid Cap Fund — HDFC Large and Mid Cap Fund,2026-04,UltraTech Cement Limited,Cement & Cement Products,0.29
HDFC Mutual Fund,HDFC Large and Mid Cap Fund — HDFC Large and Mid Cap Fund,2026-04,Oberoi Realty Ltd.,Realty,0.28
HDFC Mutual Fund,HDFC Large and Mid Cap Fund — HDFC Large and Mid Cap Fund,2026-04,GAIL (India) Ltd.,Gas,0.27
HDFC Mutual Fund,HDFC Large and Mid Cap Fund — HDFC Large and Mid Cap Fund,2026-04,Asian Paints Limited,Consumer Durables,0.26
HDFC Mutual Fund,HDFC Large and Mid Cap Fund — HDFC Large and Mid Cap Fund,2026-04,Emami Ltd.,Personal Products,0.25
HDFC Mutual Fund,HDFC Large and Mid Cap Fund — HDFC Large and Mid Cap Fund,2026-04,HDFC Life Insurance Company Limited,Insurance,0.25
HDFC Mutual Fund,HDFC Large and Mid Cap Fund — HDFC Large and Mid Cap Fund,2026-04,Billionbrains Garage Ventures Limited,Capital Markets,0.04
HDFC Mutual Fund,HDFC Large and Mid Cap Fund — HDFC Large and Mid Cap Fund,2026-04,Craftsman Automation Ltd,Auto Components,0.04
HDFC Mutual Fund,HDFC Large and Mid Cap Fund — HDFC Large and Mid Cap Fund,2026-04,Dixon Technologies (India) Ltd.,Consumer Durables,0.04
HDFC Mutual Fund,HDFC Large and Mid Cap Fund — HDFC Large and Mid Cap Fund,2026-04,IKIO Technologies Limited,Consumer Durables,0.04
HDFC Mutual Fund,HDFC Large and Mid Cap Fund — HDFC Large and Mid Cap Fund,2026-04,Motherson Sumi Wiring India Limited,Auto Components,0.04
HDFC Mutual Fund,HDFC Large and Mid Cap Fund — HDFC Large and Mid Cap Fund,2026-04,Central Depository Services (India) Ltd.,Capital Markets,0.03
HDFC Mutual Fund,HDFC Large and Mid Cap Fund — HDFC Large and Mid Cap Fund,2026-04,Fusion Finance Limited,Finance,0.03
HDFC Mutual Fund,HDFC Large and Mid Cap Fund — HDFC Large and Mid Cap Fund,2026-04,Indian Railway Catering And Tourism Corp,Leisure Services,0.03
HDFC Mutual Fund,HDFC Large and Mid Cap Fund — HDFC Large and Mid Cap Fund,2026-04,STL NETWORKS LIMITED,Telecom - Services,0.03
HDFC Mutual Fund,HDFC Large and Mid Cap Fund — HDFC Large and Mid Cap Fund,2026-04,Titan Company Ltd.,Consumer Durables,0.03
HDFC Mutual Fund,HDFC Large and Mid Cap Fund — HDFC Large and Mid Cap Fund,2026-04,Cello World Limited,Consumer Durables,0.02
HDFC Mutual Fund,HDFC Large and Mid Cap Fund — HDFC Large and Mid Cap Fund,2026-04,Delta Corp Ltd.,Leisure Services,0.02
HDFC Mutual Fund,HDFC Large and Mid Cap Fund — HDFC Large and Mid Cap Fund,2026-04,ICICI PRUDENTIAL ASSET MANAGEMENT,Capital Markets,0.02
HDFC Mutual Fund,HDFC Large and Mid Cap Fund — HDFC Large and Mid Cap Fund,2026-04,ITC Hotels Limited,Leisure Services,0.02
HDFC Mutual Fund,HDFC Large and Mid Cap Fund — HDFC Large and Mid Cap Fund,2026-04,Godrej Consumer Products Ltd.,Personal Products,0.01
HDFC Mutual Fund,HDFC Large and Mid Cap Fund — HDFC Large and Mid Cap Fund,2026-04,Indigo Paints Limited,Consumer Durables,0.01
HDFC Mutual Fund,HDFC Large and Mid Cap Fund — HDFC Large and Mid Cap Fund,2026-04,Kwality Wall’s (India) Limited,Food Products,0.01
HDFC Mutual Fund,HDFC Large and Mid Cap Fund — HDFC Large and Mid Cap Fund,2026-04,LATENT IVndIuEsWtry AANlloAcaLtiYoTn IoCf ES LuiItMy HITolEdiDng IT -,Software,0.01
HDFC Mutual Fund,HDFC Multi Cap Fund — HDFC Multi Cap Fund,2026-04,BRANDS LIMITED,Consumer Durables,0.47
HDFC Mutual Fund,HDFC Multi Cap Fund — HDFC Multi Cap Fund,2026-04,Commodity Exchange of India L,Capital Markets,0.46
HDFC Mutual Fund,HDFC Multi Cap Fund — HDFC Multi Cap Fund,2026-04,Corporation Ltd.,Cement & Cement Products,0.45
HDFC Mutual Fund,HDFC Multi Cap Fund — HDFC Multi Cap Fund,2026-04,Oil Lubricants India Ltd.,Petroleum Products,0.42
HDFC Mutual Fund,HDFC Multi Cap Fund — HDFC Multi Cap Fund,2026-04,Enterprises Limited.,Realty,0.41
HDFC Mutual Fund,HDFC Multi Cap Fund — HDFC Multi Cap Fund,2026-04,TECHNOLOGY INDIA LIMITED,Industrial Manufacturing,0.41
HDFC Mutual Fund,HDFC Multi Cap Fund — HDFC Multi Cap Fund,2026-04,Technologies Ltd. IT -,Software,0.39
HDFC Mutual Fund,HDFC Multi Cap Fund — HDFC Multi Cap Fund,2026-04,Star Ltd.,Consumer Durables,0.35
HDFC Mutual Fund,HDFC Multi Cap Fund — HDFC Multi Cap Fund,2026-04,Limited IT -,Software,0.33
HDFC Mutual Fund,HDFC Multi Cap Fund — HDFC Multi Cap Fund,2026-04,Universal Ltd.,Industrial Products,0.31
HDFC Mutual Fund,HDFC Multi Cap Fund — HDFC Multi Cap Fund,2026-04,Ltd.,Consumer Durables,0.3
HDFC Mutual Fund,HDFC Multi Cap Fund — HDFC Multi Cap Fund,2026-04,Assist Healthcare Services Limited,Insurance,0.25
HDFC Mutual Fund,HDFC Multi Cap Fund — HDFC Multi Cap Fund,2026-04,Greaves Consumer Elec. Ltd.,Consumer Durables,0.24
HDFC Mutual Fund,HDFC Multi Cap Fund — HDFC Multi Cap Fund,2026-04,Software Ltd. IT -,Software,0.23
HDFC Mutual Fund,HDFC Multi Cap Fund — MULTI CAP FUND,2026-04,Office Parks REIT,Realty,0.48
HDFC Mutual Fund,HDFC Multi Cap Fund — MULTI CAP FUND,2026-04,Industries Ltd.,Consumer Durables,0.17
HDFC Mutual Fund,HDFC Multi Cap Fund — MULTI CAP FUND,2026-04,Sanitaryware Ltd,Consumer Durables,0.17
HDFC Mutual Fund,HDFC Multi Cap Fund — MULTI CAP FUND,2026-04,Cements Ltd.,Cement & Cement Products,0.12
HDFC Mutual Fund,HDFC Multi Cap Fund — MULTI CAP FUND,2026-04,Prakashan Ltd.,Media,0.11
HDFC Mutual Fund,HDFC Multi Cap Fund — MULTI CAP FUND,2026-04,Ltd.,Consumer Durables,0.06
HDFC Mutual Fund,"(Name changed from HDFC Non-Cyclical Consumer Fund w.e.f. March 11, 2026.) An open ended CATEGORY OF SCHEME",2026-05,Ltd.,Automobiles,6.4
HDFC Mutual Fund,"(Name changed from HDFC Non-Cyclical Consumer Fund w.e.f. March 11, 2026.) An open ended CATEGORY OF SCHEME",2026-05,Limited,Retailing,4.68
HDFC Mutual Fund,"(Name changed from HDFC Non-Cyclical Consumer Fund w.e.f. March 11, 2026.) An open ended CATEGORY OF SCHEME",2026-05,Products Ltd.,Personal Products,4.36
HDFC Mutual Fund,"(Name changed from HDFC Non-Cyclical Consumer Fund w.e.f. March 11, 2026.) An open ended CATEGORY OF SCHEME",2026-05,Limited,Automobiles,3.07
HDFC Mutual Fund,"(Name changed from HDFC Non-Cyclical Consumer Fund w.e.f. March 11, 2026.) An open ended CATEGORY OF SCHEME",2026-05,Ltd.,Food Products,2.76
HDFC Mutual Fund,"(Name changed from HDFC Non-Cyclical Consumer Fund w.e.f. March 11, 2026.) An open ended CATEGORY OF SCHEME",2026-05,Limited,Auto Components,2.18
HDFC Mutual Fund,"(Name changed from HDFC Non-Cyclical Consumer Fund w.e.f. March 11, 2026.) An open ended CATEGORY OF SCHEME",2026-05,LIMITED,Retailing,1.66
HDFC Mutual Fund,"(Name changed from HDFC Non-Cyclical Consumer Fund w.e.f. March 11, 2026.) An open ended CATEGORY OF SCHEME — THEMATIC FUND",2026-05,The Tata Power Company Ltd.,Power,0.97
HDFC Mutual Fund,"(Name changed from HDFC Non-Cyclical Consumer Fund w.e.f. March 11, 2026.) An open ended CATEGORY OF SCHEME — THEMATIC FUND",2026-05,9.35 Devyani International Ltd,Leisure Services,0.82
HDFC Mutual Fund,"(Name changed from HDFC Non-Cyclical Consumer Fund w.e.f. March 11, 2026.) An open ended CATEGORY OF SCHEME — THEMATIC FUND",2026-05,Fmcg 8.24 Shoppers Stop Ltd.,Retailing,0.6
HDFC Mutual Fund,"(Name changed from HDFC Non-Cyclical Consumer Fund w.e.f. March 11, 2026.) An open ended CATEGORY OF SCHEME — THEMATIC FUND",2026-05,- Services 5.28 Studds Accessories Limited,Auto Components,0.59
HDFC Mutual Fund,"(Name changed from HDFC Non-Cyclical Consumer Fund w.e.f. March 11, 2026.) An open ended CATEGORY OF SCHEME — THEMATIC FUND",2026-05,6.40 Colgate-Palmolive ( I ) Ltd.,Personal Products,0.59
HDFC Mutual Fund,"(Name changed from HDFC Non-Cyclical Consumer Fund w.e.f. March 11, 2026.) An open ended CATEGORY OF SCHEME — THEMATIC FUND",2026-05,Products 4.36 LIMITED,Leisure Services,0.58
HDFC Mutual Fund,"(Name changed from HDFC Non-Cyclical Consumer Fund w.e.f. March 11, 2026.) An open ended CATEGORY OF SCHEME — THEMATIC FUND",2026-05,LG Electronics India Limited,Consumer Durables,0.51
HDFC Mutual Fund,"(Name changed from HDFC Non-Cyclical Consumer Fund w.e.f. March 11, 2026.) An open ended CATEGORY OF SCHEME — THEMATIC FUND",2026-05,Safari Industries (India) Ltd.,Consumer Durables,0.4
HDFC Mutual Fund,"(Name changed from HDFC Non-Cyclical Consumer Fund w.e.f. March 11, 2026.) An open ended CATEGORY OF SCHEME — THEMATIC FUND",2026-05,INFO EDGE (INDIA) LIMITED,Retailing,0.37
HDFC Mutual Fund,"(Name changed from HDFC Non-Cyclical Consumer Fund w.e.f. March 11, 2026.) An open ended CATEGORY OF SCHEME — THEMATIC FUND",2026-05,Emami Ltd.,Personal Products,0.35
HDFC Mutual Fund,"(Name changed from HDFC Non-Cyclical Consumer Fund w.e.f. March 11, 2026.) An open ended CATEGORY OF SCHEME — THEMATIC FUND",2026-05,METRO BRANDS LIMITED,Consumer Durables,0.11
HDFC Mutual Fund,"(Name changed from HDFC Non-Cyclical Consumer Fund w.e.f. March 11, 2026.) An open ended CATEGORY OF SCHEME — THEMATIC FUND",2026-05,Kwality Wall’s India Limited,Food Products,0.1
HDFC Mutual Fund,HDFC Arbitrage Fund — HDFC Arbitrage Fund,2026-05,Indus Towers Limited,Telecom - Services,0.16
HDFC Mutual Fund,HDFC Arbitrage Fund — HDFC Arbitrage Fund,2026-05,Godrej Properties Ltd.,Realty,0.15
HDFC Mutual Fund,HDFC Arbitrage Fund — HDFC Arbitrage Fund,2026-05,INFO EDGE (INDIA) LIMITED,Retailing,0.15
HDFC Mutual Fund,HDFC Arbitrage Fund — HDFC Arbitrage Fund,2026-05,Kalyan Jewellers India Ltd,Consumer Durables,0.15
HDFC Mutual Fund,HDFC Arbitrage Fund — HDFC Arbitrage Fund,2026-05,Nestle India Ltd.,Food Products,0.15
HDFC Mutual Fund,HDFC Arbitrage Fund — HDFC Arbitrage Fund,2026-05,Bank of India,Banks,0.14
HDFC Mutual Fund,HDFC Arbitrage Fund — HDFC Arbitrage Fund,2026-05,Indian Energy Exchange Limited,Capital Markets,0.14
HDFC Mutual Fund,HDFC Arbitrage Fund — HDFC Arbitrage Fund,2026-05,NBCC (India) Limited,Construction,0.14
HDFC Mutual Fund,HDFC Arbitrage Fund — HDFC Arbitrage Fund,2026-05,PNB Housing Finance Ltd.,Finance,0.14
HDFC Mutual Fund,HDFC Arbitrage Fund — HDFC Arbitrage Fund,2026-05,Bosch Limited,Auto Components,0.13
HDFC Mutual Fund,HDFC Arbitrage Fund — HDFC Arbitrage Fund,2026-05,360 ONE WAM LIMITED,Capital Markets,0.12
HDFC Mutual Fund,HDFC Arbitrage Fund — HDFC Arbitrage Fund,2026-05,Au Small Finance Bank Ltd.,Banks,0.11
HDFC Mutual Fund,HDFC Arbitrage Fund — HDFC Arbitrage Fund,2026-05,Coforge Limited IT -,Software,0.11
HDFC Mutual Fund,HDFC Arbitrage Fund — HDFC Arbitrage Fund,2026-05,Havells India Ltd.,Consumer Durables,0.11
HDFC Mutual Fund,HDFC Arbitrage Fund — HDFC Arbitrage Fund,2026-05,INOX Wind Limited,Electrical Equipment,0.11
HDFC Mutual Fund,HDFC Arbitrage Fund — HDFC Arbitrage Fund,2026-05,Prestige Estates Projects Ltd.,Realty,0.11
HDFC Mutual Fund,HDFC Arbitrage Fund — HDFC Arbitrage Fund,2026-05,Britannia Industries Ltd.,Food Products,0.1
HDFC Mutual Fund,HDFC Arbitrage Fund — HDFC Arbitrage Fund,2026-05,Company Ltd.,Insurance,0.1
HDFC Mutual Fund,HDFC Arbitrage Fund — HDFC Arbitrage Fund,2026-05,Cummins India Ltd.,Industrial Products,0.09
HDFC Mutual Fund,HDFC Arbitrage Fund — HDFC Arbitrage Fund,2026-05,Hyundai Motor India Limited,Automobiles,0.09
HDFC Mutual Fund,HDFC Arbitrage Fund — HDFC Arbitrage Fund,2026-05,Jubilant Foodworks Limited,Leisure Services,0.09
HDFC Mutual Fund,HDFC Arbitrage Fund — HDFC Arbitrage Fund,2026-05,Sammaan Capital Limited,Finance,0.09
HDFC Mutual Fund,HDFC Balanced Advantage Fund — HDFC Balanced Advantage Fund,2026-05,Limited,Telecom - Services,0.05
HDFC Mutual Fund,HDFC Balanced Advantage Fund — HDFC Balanced Advantage Fund,2026-05,Limited IT -,Software,0.05
HDFC Mutual Fund,HDFC Balanced Advantage Fund — HDFC Balanced Advantage Fund,2026-05,( I ) Ltd.,Personal Products,0.04
HDFC Mutual Fund,HDFC Balanced Advantage Fund — HDFC Balanced Advantage Fund,2026-05,INDIA Limited,Industrial Products,0.04
HDFC Mutual Fund,HDFC Balanced Advantage Fund — HDFC Balanced Advantage Fund,2026-05,Limited,Leisure Services,0.04
HDFC Mutual Fund,HDFC Balanced Advantage Fund — HDFC Balanced Advantage Fund,2026-05,Ltd.,Transport Services,0.04
HDFC Mutual Fund,HDFC Balanced Advantage Fund — HDFC Balanced Advantage Fund,2026-05,Limited,Finance,0.02
HDFC Mutual Fund,HDFC Balanced Advantage Fund — HDFC Balanced Advantage Fund,2026-05,Ltd.,Finance,0.02
HDFC Mutual Fund,HDFC Dividend Yield Fund,2026-05,STL NETWORKS LIMITED,Telecom - Services,0.27
HDFC Mutual Fund,HDFC Dividend Yield Fund,2026-05,Star Health and Allied Insurance Company Ltd,Insurance,0.27
HDFC Mutual Fund,HDFC Dividend Yield Fund,2026-05,Endurance Technologies Ltd.,Auto Components,0.22
HDFC Mutual Fund,HDFC Dividend Yield Fund,2026-05,Diffusion Engineers Limited,Industrial Products,0.21
HDFC Mutual Fund,HDFC Dividend Yield Fund,2026-05,Castrol India Ltd.,Petroleum Products,0.2
HDFC Mutual Fund,HDFC Dividend Yield Fund,2026-05,Inox India Limited,Industrial Products,0.19
HDFC Mutual Fund,HDFC Dividend Yield Fund,2026-05,Electronics Mart India Ltd,Retailing,0.17
HDFC Mutual Fund,HDFC Dividend Yield Fund,2026-05,Voltamp Transformers Ltd.,Electrical Equipment,0.17
HDFC Mutual Fund,HDFC Dividend Yield Fund,2026-05,Afcons Infrastructure Limited,Construction,0.16
HDFC Mutual Fund,HDFC Dividend Yield Fund,2026-05,Birlasoft Limited IT -,Software,0.14
HDFC Mutual Fund,HDFC Dividend Yield Fund,2026-05,EPACK DURABLE LIMITED,Consumer Durables,0.14
HDFC Mutual Fund,HDFC Dividend Yield Fund,2026-05,GO FASHION (INDIA) LIMITED,Retailing,0.14
HDFC Mutual Fund,HDFC Dividend Yield Fund,2026-05,Popular Vehicles and Services Limited,Automobiles,0.14
HDFC Mutual Fund,HDFC Dividend Yield Fund,2026-05,Techno Electric & Engin. Co. Ltd.,Construction,0.14
HDFC Mutual Fund,HDFC Dividend Yield Fund,2026-05,DAM Capital Advisors Limited,Capital Markets,0.13
HDFC Mutual Fund,HDFC Dividend Yield Fund,2026-05,Jio Financial Services Limited,Finance,0.13
HDFC Mutual Fund,HDFC Dividend Yield Fund,2026-05,Rishabh instruments Limited,Electrical Equipment,0.13
HDFC Mutual Fund,HDFC Dividend Yield Fund,2026-05,Stanley Lifestyles Limited,Consumer Durables,0.11
HDFC Mutual Fund,HDFC Dividend Yield Fund,2026-05,Timken India Ltd.,Industrial Products,0.11
HDFC Mutual Fund,HDFC Dividend Yield Fund,2026-05,Sai Silks (Kalamandir) Limited,Retailing,0.09
HDFC Mutual Fund,HDFC Dividend Yield Fund — Regular Plan,2026-05,Limited,Banks,5.56
HDFC Mutual Fund,HDFC Dividend Yield Fund — Regular Plan,2026-05,Ltd. IT -,Software,3.86
HDFC Mutual Fund,HDFC Dividend Yield Fund — Regular Plan,2026-05,Limited,Automobiles,3.7
HDFC Mutual Fund,HDFC Dividend Yield Fund — Regular Plan,2026-05,Company Ltd.,Insurance,3.62
HDFC Mutual Fund,HDFC Dividend Yield Fund — Regular Plan,2026-05,Ltd.,Transport Services,3.4
HDFC Mutual Fund,HDFC Dividend Yield Fund — Regular Plan,2026-05,Ltd.,Banks,2.08
HDFC Mutual Fund,HDFC Dividend Yield Fund — Regular Plan,2026-05,India Ltd.,Consumer Durables,1.51
HDFC Mutual Fund,HDFC Large and Mid Cap Fund — HDFC Large and Mid Cap Fund,2026-05,Craftsman Automation Ltd,Auto Components,0.04
HDFC Mutual Fund,HDFC Large and Mid Cap Fund — HDFC Large and Mid Cap Fund,2026-05,Dixon Technologies (India) Ltd.,Consumer Durables,0.04
HDFC Mutual Fund,HDFC Large and Mid Cap Fund — HDFC Large and Mid Cap Fund,2026-05,IKIO Technologies Limited,Consumer Durables,0.04
HDFC Mutual Fund,HDFC Large and Mid Cap Fund — HDFC Large and Mid Cap Fund,2026-05,LG Balakrishnan & Bros Ltd.,Auto Components,0.04
HDFC Mutual Fund,HDFC Large and Mid Cap Fund — HDFC Large and Mid Cap Fund,2026-05,Motherson Sumi Wiring India Limited,Auto Components,0.04
HDFC Mutual Fund,HDFC Large and Mid Cap Fund — HDFC Large and Mid Cap Fund,2026-05,STL NETWORKS LIMITED,Telecom - Services,0.04
HDFC Mutual Fund,HDFC Large and Mid Cap Fund — HDFC Large and Mid Cap Fund,2026-05,TENNECO CLEAN AIR INDIA LIMITED,Auto Components,0.04
HDFC Mutual Fund,HDFC Large and Mid Cap Fund — HDFC Large and Mid Cap Fund,2026-05,Central Depository Services (India) Ltd.,Capital Markets,0.03
HDFC Mutual Fund,HDFC Large and Mid Cap Fund — HDFC Large and Mid Cap Fund,2026-05,Fusion Finance Limited,Finance,0.03
HDFC Mutual Fund,HDFC Large and Mid Cap Fund — HDFC Large and Mid Cap Fund,2026-05,Indian Railway Catering And Tourism Corp,Leisure Services,0.03
HDFC Mutual Fund,HDFC Large and Mid Cap Fund — HDFC Large and Mid Cap Fund,2026-05,Cello World Limited,Consumer Durables,0.02
HDFC Mutual Fund,HDFC Large and Mid Cap Fund — HDFC Large and Mid Cap Fund,2026-05,Delta Corp Ltd.,Leisure Services,0.02
HDFC Mutual Fund,HDFC Large and Mid Cap Fund — HDFC Large and Mid Cap Fund,2026-05,ICICI PRUDENTIAL ASSET MANAGEMENT,Capital Markets,0.02
HDFC Mutual Fund,HDFC Large and Mid Cap Fund — HDFC Large and Mid Cap Fund,2026-05,ITC Hotels Limited,Leisure Services,0.02
HDFC Mutual Fund,HDFC Large and Mid Cap Fund — HDFC Large and Mid Cap Fund,2026-05,Titan Company Ltd.,Consumer Durables,0.02
HDFC Mutual Fund,HDFC Large and Mid Cap Fund — HDFC Large and Mid Cap Fund,2026-05,Godrej Consumer Products Ltd.,Personal Products,0.01
HDFC Mutual Fund,HDFC Large and Mid Cap Fund — HDFC Large and Mid Cap Fund,2026-05,Indigo Paints Limited,Consumer Durables,0.01
HDFC Mutual Fund,HDFC Large and Mid Cap Fund — HDFC Large and Mid Cap Fund,2026-05,Kwality Wall’s India Limited,Food Products,0.01
HDFC Mutual Fund,HDFC Large and Mid Cap Fund — HDFC Large and Mid Cap Fund,2026-05,LATENT VIEW ANALYTICS LIMITED IT -,Software,0.01
HDFC Mutual Fund,HDFC Multi Cap Fund — HDFC Multi Cap Fund,2026-05,Financial Holdings Ltd.,Finance,0.47
HDFC Mutual Fund,HDFC Multi Cap Fund — HDFC Multi Cap Fund,2026-05,Commodity Exchange of India L,Capital Markets,0.45
HDFC Mutual Fund,HDFC Multi Cap Fund — HDFC Multi Cap Fund,2026-05,Oil Lubricants India Ltd.,Petroleum Products,0.42
HDFC Mutual Fund,HDFC Multi Cap Fund — HDFC Multi Cap Fund,2026-05,Star Ltd.,Consumer Durables,0.38
HDFC Mutual Fund,HDFC Multi Cap Fund — HDFC Multi Cap Fund,2026-05,Enterprises Limited.,Realty,0.37
HDFC Mutual Fund,HDFC Multi Cap Fund — HDFC Multi Cap Fund,2026-05,Technologies Ltd. IT -,Software,0.37
HDFC Mutual Fund,HDFC Multi Cap Fund — HDFC Multi Cap Fund,2026-05,Universal Ltd.,Industrial Products,0.34
HDFC Mutual Fund,HDFC Multi Cap Fund — HDFC Multi Cap Fund,2026-05,Projects International Ltd,Construction,0.33
HDFC Mutual Fund,HDFC Multi Cap Fund — HDFC Multi Cap Fund,2026-05,TECHNOLOGY INDIA LIMITED,Industrial Manufacturing,0.32
HDFC Mutual Fund,HDFC Multi Cap Fund — HDFC Multi Cap Fund,2026-05,Limited IT -,Software,0.31
HDFC Mutual Fund,HDFC Multi Cap Fund — HDFC Multi Cap Fund,2026-05,Greaves Consumer Elec. Ltd.,Consumer Durables,0.25
HDFC Mutual Fund,HDFC Multi Cap Fund — HDFC Multi Cap Fund,2026-05,Ltd.,Consumer Durables,0.23
HDFC Mutual Fund,HDFC Multi Cap Fund — HDFC Multi Cap Fund,2026-05,Assist Healthcare Services Limited,Insurance,0.18
HDFC Mutual Fund,HDFC Multi Cap Fund — HDFC Multi Cap Fund,2026-05,Sanitaryware Ltd,Consumer Durables,0.18
HDFC Mutual Fund,HDFC Multi Cap Fund — HDFC Multi Cap Fund,2026-05,Software Ltd. IT -,Software,0.17
HDFC Mutual Fund,HDFC Multi Cap Fund — HDFC Multi Cap Fund,2026-05,Industries Ltd.,Consumer Durables,0.16
HDFC Mutual Fund,HDFC Multi Cap Fund — MULTI CAP FUND,2026-05,Office Parks REIT,Realty,0.48
HDFC Mutual Fund,HDFC Multi Cap Fund — MULTI CAP FUND,2026-05,Cements Ltd.,Cement & Cement Products,0.12
HDFC Mutual Fund,HDFC Multi Cap Fund — MULTI CAP FUND,2026-05,Automation India Limited,Industrial Manufacturing,0.06
HDFC Mutual Fund,HDFC Multi Cap Fund — MULTI CAP FUND,2026-05,Prakashan Ltd.,Media,0.06
HDFC Mutual Fund,HDFC Multi Cap Fund — MULTI CAP FUND,2026-05,Ltd.,Consumer Durables,0.05
HDFC Mutual Fund,"(Name changed from HDFC Non-Cyclical Consumer Fund w.e.f. March 11, 2026.) An open ended CATEGORY OF SCHEME — Direct Plan",2026-06,Limited,Auto Components,2.09
HDFC Mutual Fund,"(Name changed from HDFC Non-Cyclical Consumer Fund w.e.f. March 11, 2026.) An open ended CATEGORY OF SCHEME — Direct Plan",2026-06,LIMITED,Retailing,1.6
HDFC Mutual Fund,"(Name changed from HDFC Non-Cyclical Consumer Fund w.e.f. March 11, 2026.) An open ended CATEGORY OF SCHEME — Direct Plan",2026-06,Limited,Power,1.12
HDFC Mutual Fund,"(Name changed from HDFC Non-Cyclical Consumer Fund w.e.f. March 11, 2026.) An open ended CATEGORY OF SCHEME — Direct Plan",2026-06,Ltd.,Power,0.87
HDFC Mutual Fund,"(Name changed from HDFC Non-Cyclical Consumer Fund w.e.f. March 11, 2026.) An open ended CATEGORY OF SCHEME — Direct Plan",2026-06,Ltd,Leisure Services,0.78
HDFC Mutual Fund,"(Name changed from HDFC Non-Cyclical Consumer Fund w.e.f. March 11, 2026.) An open ended CATEGORY OF SCHEME — THEMATIC FUND",2026-06,9.70 Limited,Leisure Services,0.67
HDFC Mutual Fund,"(Name changed from HDFC Non-Cyclical Consumer Fund w.e.f. March 11, 2026.) An open ended CATEGORY OF SCHEME — THEMATIC FUND",2026-06,8.21 Studds Accessories Limited,Auto Components,0.6
HDFC Mutual Fund,"(Name changed from HDFC Non-Cyclical Consumer Fund w.e.f. March 11, 2026.) An open ended CATEGORY OF SCHEME — THEMATIC FUND",2026-06,Fmcg 7.96 Shoppers Stop Ltd.,Retailing,0.59
HDFC Mutual Fund,"(Name changed from HDFC Non-Cyclical Consumer Fund w.e.f. March 11, 2026.) An open ended CATEGORY OF SCHEME — THEMATIC FUND",2026-06,LIMITED,Leisure Services,0.57
HDFC Mutual Fund,"(Name changed from HDFC Non-Cyclical Consumer Fund w.e.f. March 11, 2026.) An open ended CATEGORY OF SCHEME — THEMATIC FUND",2026-06,Colgate-Palmolive ( I ) Ltd.,Personal Products,0.56
HDFC Mutual Fund,"(Name changed from HDFC Non-Cyclical Consumer Fund w.e.f. March 11, 2026.) An open ended CATEGORY OF SCHEME — THEMATIC FUND",2026-06,LG Electronics India Limited,Consumer Durables,0.51
HDFC Mutual Fund,"(Name changed from HDFC Non-Cyclical Consumer Fund w.e.f. March 11, 2026.) An open ended CATEGORY OF SCHEME — THEMATIC FUND",2026-06,Sona Blw Precision Forgings,Auto Components,0.48
HDFC Mutual Fund,"(Name changed from HDFC Non-Cyclical Consumer Fund w.e.f. March 11, 2026.) An open ended CATEGORY OF SCHEME — THEMATIC FUND",2026-06,Safari Industries (India) Ltd.,Consumer Durables,0.42
HDFC Mutual Fund,"(Name changed from HDFC Non-Cyclical Consumer Fund w.e.f. March 11, 2026.) An open ended CATEGORY OF SCHEME — THEMATIC FUND",2026-06,Emami Ltd.,Personal Products,0.35
HDFC Mutual Fund,"(Name changed from HDFC Non-Cyclical Consumer Fund w.e.f. March 11, 2026.) An open ended CATEGORY OF SCHEME — THEMATIC FUND",2026-06,INFO EDGE (INDIA) LIMITED,Retailing,0.35
HDFC Mutual Fund,"(Name changed from HDFC Non-Cyclical Consumer Fund w.e.f. March 11, 2026.) An open ended CATEGORY OF SCHEME — THEMATIC FUND",2026-06,Kwality Wall’s India Limited,Food Products,0.13
HDFC Mutual Fund,"(Name changed from HDFC Non-Cyclical Consumer Fund w.e.f. March 11, 2026.) An open ended CATEGORY OF SCHEME — THEMATIC FUND",2026-06,METRO BRANDS LIMITED,Consumer Durables,0.1
HDFC Mutual Fund,HDFC Arbitrage Fund — HDFC Arbitrage Fund,2026-06,Exide Industries Ltd.,Auto Components,0.1
HDFC Mutual Fund,HDFC Arbitrage Fund — HDFC Arbitrage Fund,2026-06,Hyundai Motor India Limited,Automobiles,0.09
HDFC Mutual Fund,HDFC Arbitrage Fund — HDFC Arbitrage Fund,2026-06,INOX Wind Limited,Electrical Equipment,0.09
HDFC Mutual Fund,HDFC Arbitrage Fund — HDFC Arbitrage Fund,2026-06,PNB Housing Finance Ltd.,Finance,0.09
HDFC Mutual Fund,HDFC Arbitrage Fund — HDFC Arbitrage Fund,2026-06,Supreme Industries Ltd.,Industrial Products,0.09
HDFC Mutual Fund,HDFC Arbitrage Fund — HDFC Arbitrage Fund,2026-06,UNO Minda Limited,Auto Components,0.09
HDFC Mutual Fund,HDFC Arbitrage Fund — HDFC Arbitrage Fund,2026-06,Company Ltd.,Insurance,0.08
HDFC Mutual Fund,HDFC Arbitrage Fund — HDFC Arbitrage Fund,2026-06,Hindustan Petroleum Corp. Ltd.,Petroleum Products,0.08
HDFC Mutual Fund,HDFC Arbitrage Fund — HDFC Arbitrage Fund,2026-06,Manappuram Finance Ltd.,Finance,0.08
HDFC Mutual Fund,HDFC Arbitrage Fund — HDFC Arbitrage Fund,2026-06,Nestle India Ltd.,Food Products,0.08
HDFC Mutual Fund,HDFC Arbitrage Fund — HDFC Arbitrage Fund,2026-06,Prestige Estates Projects Ltd.,Realty,0.08
HDFC Mutual Fund,HDFC Arbitrage Fund — HDFC Arbitrage Fund,2026-06,Jubilant Foodworks Limited,Leisure Services,0.07
HDFC Mutual Fund,HDFC Arbitrage Fund — HDFC Arbitrage Fund,2026-06,The Phoenix Mills Limited,Realty,0.07
HDFC Mutual Fund,HDFC Arbitrage Fund — HDFC Arbitrage Fund,2026-06,Jindal Steel Limited.,Ferrous Metals,0.06
HDFC Mutual Fund,HDFC Arbitrage Fund — HDFC Arbitrage Fund,2026-06,Computer Age Management Services,Capital Markets,0.05
HDFC Mutual Fund,HDFC Arbitrage Fund — HDFC Arbitrage Fund,2026-06,Lodha Developers Limited,Realty,0.05
HDFC Mutual Fund,HDFC Arbitrage Fund — HDFC Arbitrage Fund,2026-06,Angel One Ltd.,Capital Markets,0.04
HDFC Mutual Fund,HDFC Arbitrage Fund — HDFC Arbitrage Fund,2026-06,Hero MotoCorp Ltd.,Automobiles,0.04
HDFC Mutual Fund,HDFC Arbitrage Fund — HDFC Arbitrage Fund,2026-06,Ltd.,Capital Markets,0.04
HDFC Mutual Fund,HDFC Arbitrage Fund — HDFC Arbitrage Fund,2026-06,Muthoot Finance Ltd.,Finance,0.04
HDFC Mutual Fund,HDFC Arbitrage Fund — HDFC Arbitrage Fund,2026-06,PG Electroplast Limited,Consumer Durables,0.04
HDFC Mutual Fund,HDFC Arbitrage Fund — HDFC Arbitrage Fund,2026-06,GE T&D INDIA LIMITED,Electrical Equipment,0.03
HDFC Mutual Fund,HDFC Arbitrage Fund — HDFC Arbitrage Fund,2026-06,Oberoi Realty Ltd.,Realty,0.03
HDFC Mutual Fund,HDFC Balanced Advantage Fund — HDFC Balanced Advantage Fund,2026-06,IT S o ftw a r e,Gas,0.1
HDFC Mutual Fund,HDFC Balanced Advantage Fund — HDFC Balanced Advantage Fund,2026-06,Ltd.,Power,0.1
HDFC Mutual Fund,HDFC Balanced Advantage Fund — HDFC Balanced Advantage Fund,2026-06,SERVICES LIMITED,Finance,0.1
HDFC Mutual Fund,HDFC Balanced Advantage Fund — HDFC Balanced Advantage Fund,2026-06,i e r s i ie d m c g Company Ltd,Capital Markets,0.09
HDFC Mutual Fund,HDFC Balanced Advantage Fund — HDFC Balanced Advantage Fund,2026-06,o n s u m a b le u e ls LIMITED,Retailing,0.09
HDFC Mutual Fund,HDFC Balanced Advantage Fund — HDFC Balanced Advantage Fund,2026-06,ITC Hotels Limited,Leisure Services,0.07
HDFC Mutual Fund,HDFC Dividend Yield Fund,2026-06,Inox India Limited,Industrial Products,0.25
HDFC Mutual Fund,HDFC Dividend Yield Fund,2026-06,STL NETWORKS LIMITED,Telecom - Services,0.24
HDFC Mutual Fund,HDFC Dividend Yield Fund,2026-06,Endurance Technologies Ltd.,Auto Components,0.21
HDFC Mutual Fund,HDFC Dividend Yield Fund,2026-06,Castrol India Ltd.,Petroleum Products,0.2
HDFC Mutual Fund,HDFC Dividend Yield Fund,2026-06,Quess Corp Ltd.,Commercial Services & Supplies,0.19
HDFC Mutual Fund,HDFC Dividend Yield Fund,2026-06,Electronics Mart India Ltd,Retailing,0.18
HDFC Mutual Fund,HDFC Dividend Yield Fund,2026-06,GO FASHION (INDIA) LIMITED,Retailing,0.17
HDFC Mutual Fund,HDFC Dividend Yield Fund,2026-06,Afcons Infrastructure Limited,Construction,0.14
HDFC Mutual Fund,HDFC Dividend Yield Fund,2026-06,EPACK DURABLE LIMITED,Consumer Durables,0.14
HDFC Mutual Fund,HDFC Dividend Yield Fund,2026-06,Techno Electric & Engin. Co. Ltd.,Construction,0.14
HDFC Mutual Fund,HDFC Dividend Yield Fund,2026-06,Birlasoft Limited IT -,Software,0.13
HDFC Mutual Fund,HDFC Dividend Yield Fund,2026-06,Jio Financial Services Limited,Finance,0.13
HDFC Mutual Fund,HDFC Dividend Yield Fund,2026-06,Popular Vehicles and Services Limited,Automobiles,0.13
HDFC Mutual Fund,HDFC Dividend Yield Fund,2026-06,DAM Capital Advisors Limited,Capital Markets,0.12
HDFC Mutual Fund,HDFC Dividend Yield Fund,2026-06,Stanley Lifestyles Limited,Consumer Durables,0.11
HDFC Mutual Fund,HDFC Dividend Yield Fund,2026-06,Timken India Ltd.,Industrial Products,0.11
HDFC Mutual Fund,HDFC Dividend Yield Fund,2026-06,Sai Silks (Kalamandir) Limited,Retailing,0.09
HDFC Mutual Fund,HDFC Dividend Yield Fund,2026-06,ITC Hotels Limited,Leisure Services,0.07
HDFC Mutual Fund,HDFC Dividend Yield Fund,2026-06,Sonata Software Ltd. IT -,Software,0.04
HDFC Mutual Fund,HDFC Dividend Yield Fund,2026-06,Kwality Wall’s India Limited,Food Products,0.02
HDFC Mutual Fund,HDFC Dividend Yield Fund,2026-06,LATENT VIEW ANALYTICS LIMITED IT -,Software,0.02
HDFC Mutual Fund,HDFC Large and Mid Cap Fund — Direct Plan,2026-06,Limited,Automobiles,1.34
HDFC Mutual Fund,HDFC Large and Mid Cap Fund — Direct Plan,2026-06,Ltd.,Finance,1.31
HDFC Mutual Fund,HDFC Large and Mid Cap Fund — Direct Plan,2026-06,Ltd.,Food Products,1.29
HDFC Mutual Fund,HDFC Large and Mid Cap Fund — Direct Plan,2026-06,Ltd. IT -,Software,1.27
HDFC Mutual Fund,HDFC Large and Mid Cap Fund — Direct Plan,2026-06,Limited,Telecom - Services,1.19
HDFC Mutual Fund,HDFC Large and Mid Cap Fund — Direct Plan,2026-06,Ltd.,Insurance,1.17
HDFC Mutual Fund,HDFC Large and Mid Cap Fund — Direct Plan,2026-06,Ltd.,Banks,1.09
HDFC Mutual Fund,HDFC Large and Mid Cap Fund — Direct Plan,2026-06,of India Ltd.,Auto Components,1.04
HDFC Mutual Fund,HDFC Large and Mid Cap Fund — Direct Plan,2026-06,Bank Ltd,Banks,0.99
HDFC Mutual Fund,HDFC Large and Mid Cap Fund — Direct Plan,2026-06,Ltd.,Transport Services,0.99
HDFC Mutual Fund,HDFC Large and Mid Cap Fund — HDFC Large and Mid Cap Fund,2026-06,Vishal Mega Mart Limited,Retailing,0.38
HDFC Mutual Fund,HDFC Large and Mid Cap Fund — HDFC Large and Mid Cap Fund,2026-06,Bharat Petroleum Corporation Ltd.,Petroleum Products,0.37
HDFC Mutual Fund,HDFC Large and Mid Cap Fund — HDFC Large and Mid Cap Fund,2026-06,Bombay Stock Exchange Limited (BSE),Capital Markets,0.37
HDFC Mutual Fund,HDFC Large and Mid Cap Fund — HDFC Large and Mid Cap Fund,2026-06,Creditaccess Grameen Limited,Finance,0.37
HDFC Mutual Fund,HDFC Large and Mid Cap Fund — HDFC Large and Mid Cap Fund,2026-06,Delhivery Limited,Transport Services,0.37
HDFC Mutual Fund,HDFC Large and Mid Cap Fund — HDFC Large and Mid Cap Fund,2026-06,Endurance Technologies Ltd.,Auto Components,0.37
HDFC Mutual Fund,HDFC Large and Mid Cap Fund — HDFC Large and Mid Cap Fund,2026-06,Power Grid Corporation of India Ltd.,Power,0.37
HDFC Mutual Fund,HDFC Large and Mid Cap Fund — HDFC Large and Mid Cap Fund,2026-06,Redington Ltd.,Commercial Services & Supplies,0.37
HDFC Mutual Fund,HDFC Large and Mid Cap Fund — HDFC Large and Mid Cap Fund,2026-06,Oracle Financial Ser Software Ltd. IT -,Software,0.36
HDFC Mutual Fund,HDFC Large and Mid Cap Fund — HDFC Large and Mid Cap Fund,2026-06,Sona Blw Precision Forgings,Auto Components,0.35
HDFC Mutual Fund,HDFC Large and Mid Cap Fund — HDFC Large and Mid Cap Fund,2026-06,Hyundai Motor India Limited,Automobiles,0.34
HDFC Mutual Fund,HDFC Large and Mid Cap Fund — HDFC Large and Mid Cap Fund,2026-06,The Phoenix Mills Limited,Realty,0.33
HDFC Mutual Fund,HDFC Large and Mid Cap Fund — HDFC Large and Mid Cap Fund,2026-06,Dabur India Ltd.,Personal Products,0.32
HDFC Mutual Fund,HDFC Large and Mid Cap Fund — HDFC Large and Mid Cap Fund,2026-06,Tata Motors Passenger Vehicles Limited,Automobiles,0.31
HDFC Mutual Fund,HDFC Large and Mid Cap Fund — HDFC Large and Mid Cap Fund,2026-06,Avenue Supermarts Ltd.,Retailing,0.3
HDFC Mutual Fund,HDFC Large and Mid Cap Fund — HDFC Large and Mid Cap Fund,2026-06,AIA Engineering Ltd.,Industrial Products,0.29
HDFC Mutual Fund,HDFC Large and Mid Cap Fund — HDFC Large and Mid Cap Fund,2026-06,Crompton Greaves Consumer Elec. Ltd.,Consumer Durables,0.29
HDFC Mutual Fund,HDFC Large and Mid Cap Fund — HDFC Large and Mid Cap Fund,2026-06,NHPC Ltd.,Power,0.28
HDFC Mutual Fund,HDFC Large and Mid Cap Fund — HDFC Large and Mid Cap Fund,2026-06,Oberoi Realty Ltd.,Realty,0.28
HDFC Mutual Fund,HDFC Large and Mid Cap Fund — HDFC Large and Mid Cap Fund,2026-06,UltraTech Cement Limited,Cement & Cement Products,0.28
HDFC Mutual Fund,HDFC Large and Mid Cap Fund — HDFC Large and Mid Cap Fund,2026-06,Asian Paints Limited,Consumer Durables,0.27
HDFC Mutual Fund,HDFC Large and Mid Cap Fund — HDFC Large and Mid Cap Fund,2026-06,LG Balakrishnan & Bros Ltd.,Auto Components,0.04
HDFC Mutual Fund,HDFC Large and Mid Cap Fund — HDFC Large and Mid Cap Fund,2026-06,Motherson Sumi Wiring India Limited,Auto Components,0.04
HDFC Mutual Fund,HDFC Large and Mid Cap Fund — HDFC Large and Mid Cap Fund,2026-06,SAPPHIRE FOODS INDIA LIMITED,Leisure Services,0.04
HDFC Mutual Fund,HDFC Large and Mid Cap Fund — HDFC Large and Mid Cap Fund,2026-06,TENNECO CLEAN AIR INDIA LIMITED,Auto Components,0.04
HDFC Mutual Fund,HDFC Large and Mid Cap Fund — HDFC Large and Mid Cap Fund,2026-06,Central Depository Services (India) Ltd.,Capital Markets,0.03
HDFC Mutual Fund,HDFC Large and Mid Cap Fund — HDFC Large and Mid Cap Fund,2026-06,Fusion Finance Limited,Finance,0.03
HDFC Mutual Fund,HDFC Large and Mid Cap Fund — HDFC Large and Mid Cap Fund,2026-06,Indian Railway Catering And Tourism Corp Ltd,Leisure Services,0.03
HDFC Mutual Fund,HDFC Large and Mid Cap Fund — HDFC Large and Mid Cap Fund,2026-06,STL NETWORKS LIMITED,Telecom - Services,0.03
HDFC Mutual Fund,HDFC Large and Mid Cap Fund — HDFC Large and Mid Cap Fund,2026-06,Titan Company Ltd.,Consumer Durables,0.03
HDFC Mutual Fund,HDFC Large and Mid Cap Fund — HDFC Large and Mid Cap Fund,2026-06,Cello World Limited,Consumer Durables,0.02
HDFC Mutual Fund,HDFC Large and Mid Cap Fund — HDFC Large and Mid Cap Fund,2026-06,ICICI PRUDENTIAL ASSET MANAGEMENT,Capital Markets,0.02
HDFC Mutual Fund,HDFC Large and Mid Cap Fund — HDFC Large and Mid Cap Fund,2026-06,ITC Hotels Limited,Leisure Services,0.02
HDFC Mutual Fund,HDFC Large and Mid Cap Fund — HDFC Large and Mid Cap Fund,2026-06,Delta Corp Ltd.,Leisure Services,0.01
HDFC Mutual Fund,HDFC Large and Mid Cap Fund — HDFC Large and Mid Cap Fund,2026-06,Godrej Consumer Products Ltd.,Personal Products,0.01
HDFC Mutual Fund,HDFC Large and Mid Cap Fund — HDFC Large and Mid Cap Fund,2026-06,Indigo Paints Limited,Consumer Durables,0.01
HDFC Mutual Fund,HDFC Large and Mid Cap Fund — HDFC Large and Mid Cap Fund,2026-06,Kwality Wall’s India Limited,Food Products,0.01
HDFC Mutual Fund,HDFC Multi Cap Fund — HDFC Multi Cap Fund,2026-06,Birla Corporation Ltd.,Cement & Cement Products,0.47
HDFC Mutual Fund,HDFC Multi Cap Fund — HDFC Multi Cap Fund,2026-06,Whirlpool of India Ltd.,Consumer Durables,0.47
HDFC Mutual Fund,HDFC Multi Cap Fund — HDFC Multi Cap Fund,2026-06,Godrej Consumer Products Ltd.,Personal Products,0.46
HDFC Mutual Fund,HDFC Multi Cap Fund — HDFC Multi Cap Fund,2026-06,JK Tyre & Industries Limited,Auto Components,0.46
HDFC Mutual Fund,HDFC Multi Cap Fund — HDFC Multi Cap Fund,2026-06,Vishal Mega Mart Limited,Retailing,0.46
HDFC Mutual Fund,HDFC Multi Cap Fund — HDFC Multi Cap Fund,2026-06,METRO BRANDS LIMITED,Consumer Durables,0.45
HDFC Mutual Fund,HDFC Multi Cap Fund — HDFC Multi Cap Fund,2026-06,Brigade Enterprises Limited.,Realty,0.43
HDFC Mutual Fund,HDFC Multi Cap Fund — HDFC Multi Cap Fund,2026-06,Multi Commodity Exchange of India L,Capital Markets,0.42
HDFC Mutual Fund,HDFC Multi Cap Fund — HDFC Multi Cap Fund,2026-06,Carborundum Universal Ltd.,Industrial Products,0.38
HDFC Mutual Fund,HDFC Multi Cap Fund — HDFC Multi Cap Fund,2026-06,Kalpataru Projects International Ltd,Construction,0.34
HDFC Mutual Fund,HDFC Multi Cap Fund — HDFC Multi Cap Fund,2026-06,Zensar Technologies Ltd. IT -,Software,0.31
HDFC Mutual Fund,HDFC Multi Cap Fund — HDFC Multi Cap Fund,2026-06,Gulf Oil Lubricants India Ltd.,Petroleum Products,0.26
HDFC Mutual Fund,HDFC Multi Cap Fund — HDFC Multi Cap Fund,2026-06,LTM Limited IT -,Software,0.26
HDFC Mutual Fund,HDFC Multi Cap Fund — HDFC Multi Cap Fund,2026-06,Crompton Greaves Consumer Elec. Ltd.,Consumer Durables,0.23
HDFC Mutual Fund,HDFC Multi Cap Fund — HDFC Multi Cap Fund,2026-06,Cera Sanitaryware Ltd,Consumer Durables,0.21
HDFC Mutual Fund,HDFC Multi Cap Fund — HDFC Multi Cap Fund,2026-06,Symphony Ltd.,Consumer Durables,0.21
HDFC Mutual Fund,HDFC Multi Cap Fund — HDFC Multi Cap Fund,2026-06,Greenply Industries Ltd.,Consumer Durables,0.18
HDFC Mutual Fund,HDFC Multi Cap Fund — HDFC Multi Cap Fund,2026-06,Medi Assist Healthcare Services Limited,Insurance,0.17
HDFC Mutual Fund,HDFC Multi Cap Fund — HDFC Multi Cap Fund,2026-06,Sonata Software Ltd. IT -,Software,0.17
HDFC Mutual Fund,HDFC Multi Cap Fund — MULTI CAP FUND,2026-06,Office Parks REIT,Realty,0.48
HDFC Mutual Fund,HDFC Multi Cap Fund — MULTI CAP FUND,2026-06,Automation India Limited,Industrial Manufacturing,0.13
HDFC Mutual Fund,HDFC Multi Cap Fund — MULTI CAP FUND,2026-06,TECHNOLOGY INDIA LIMITED,Industrial Manufacturing,0.12
HDFC Mutual Fund,HDFC Multi Cap Fund — MULTI CAP FUND,2026-06,Cements Ltd.,Cement & Cement Products,0.11
HDFC Mutual Fund,HDFC Multi Cap Fund — MULTI CAP FUND,2026-06,Ltd.,Consumer Durables,0.01
